class_name_1,class_name_2,image_1,image_2,phash_distance,pixel_mae,pixel_correlation,confirmed
Apple___Apple_scab,Blueberry___healthy,train/Apple___Apple_scab/f6946261-1a18-4306-ba87-ca25344d9bd2___FREC_Scab 3525.JPG,train/Blueberry___healthy/23d13863-7320-427f-8559-9665257b9540___RS_HL 2334.JPG,4,0.1572885513305664,0.7074919508766554,False
Blueberry___healthy,Cherry_(including_sour)___healthy,train/Blueberry___healthy/e35a63f4-5fa8-40af-9e59-a63b67801bcf___RS_HL 4996.JPG,train/Cherry_(including_sour)___healthy/0a273dc4-db45-4936-aee3-59919e1df44f___JR_HL 9805.JPG,4,0.14067280292510986,0.7581082929129119,False
Blueberry___healthy,Cherry_(including_sour)___healthy,train/Blueberry___healthy/e1bba6b4-45e5-4d1f-b58f-01ef97525cc6___RS_HL 2324.JPG,train/Cherry_(including_sour)___healthy/3701b877-df2b-49cd-9bb9-066dd6f2f206___JR_HL 9734.JPG,4,0.09554596245288849,0.8824157929475311,False
Apple___healthy,Cherry_(including_sour)___healthy,train/Apple___healthy/51cb81e8-dd15-40cd-b4f2-5287379dfe74___RS_HL 6104.JPG,train/Cherry_(including_sour)___healthy/3aaba56c-080d-4a21-b2d8-8fe69189a720___JR_HL 4244.JPG,4,0.1313297152519226,0.7607058858131162,False
Apple___healthy,Cherry_(including_sour)___healthy,train/Apple___healthy/b0ba7a6d-95eb-44e2-a2a5-4d9ef9b489d7___RS_HL 5896.JPG,train/Cherry_(including_sour)___healthy/48476597-1b5c-4d55-bd30-80059a2356bf___JR_HL 9674.JPG,4,0.26940715312957764,0.8616150282240884,False
Grape___Black_rot,Orange___Haunglongbing_(Citrus_greening),train/Grape___Black_rot/24076a50-f715-4b02-b1fc-d5b83ab06174___FAM_B.Rot 3341.JPG,train/Orange___Haunglongbing_(Citrus_greening)/11b4a4de-c43d-48ac-a5a3-00b0875f6959___CREC_HLB 5583.JPG,4,0.10445617139339447,0.7970366900834618,False
Cherry_(including_sour)___Powdery_mildew,Orange___Haunglongbing_(Citrus_greening),train/Cherry_(including_sour)___Powdery_mildew/341d8850-26e0-4ac5-a560-da2be3fc4b24___FREC_Pwd.M 0349.JPG,train/Orange___Haunglongbing_(Citrus_greening)/bc070003-a6bb-4cc7-8e4b-4f5d074dd408___CREC_HLB 6479.JPG,4,0.17754517495632172,0.6418481728580521,False
Cherry_(including_sour)___healthy,Peach___healthy,train/Cherry_(including_sour)___healthy/55df59e1-73fb-4feb-8099-0b832bb3fb81___JR_HL 9754.JPG,train/Peach___healthy/02070622-2fd7-40d5-9470-27e513ea8a90___Rutg._HL 3636.JPG,4,0.14572426676750183,0.6859604988652058,False
Orange___Haunglongbing_(Citrus_greening),"Pepper,_bell___healthy",train/Orange___Haunglongbing_(Citrus_greening)/0b4118d9-903b-4883-a8e2-d802d524e1d6___CREC_HLB 4350.JPG,"train/Pepper,_bell___healthy/1663be64-8704-420b-8f9e-eb6265029f50___JR_HL 7846.JPG",4,0.09552837908267975,0.7634186230754983,False
Orange___Haunglongbing_(Citrus_greening),"Pepper,_bell___healthy",train/Orange___Haunglongbing_(Citrus_greening)/30288a78-5fa1-4b43-91bb-af203dabe675___CREC_HLB 4342.JPG,"train/Pepper,_bell___healthy/1663be64-8704-420b-8f9e-eb6265029f50___JR_HL 7846.JPG",4,0.10230899602174759,0.7416503429737581,False
Orange___Haunglongbing_(Citrus_greening),"Pepper,_bell___healthy",train/Orange___Haunglongbing_(Citrus_greening)/b0d0b4b7-5bf4-4638-9786-a67d98cceab8___CREC_HLB 6898.JPG,"train/Pepper,_bell___healthy/1a93f310-cd75-4af6-96d3-690180b4542a___JR_HL 5850.JPG",4,0.18528659641742706,0.7874420811622375,False
"Pepper,_bell___Bacterial_spot","Pepper,_bell___healthy","train/Pepper,_bell___Bacterial_spot/435993b8-c7f7-47fd-85ad-bdb04ab3e8bb___JR_B.Spot 8976.JPG","train/Pepper,_bell___healthy/4d525b16-48dc-40af-9721-024f002d5929___JR_HL 5970.JPG",4,0.13826507329940796,0.75070341335351,False
Blueberry___healthy,"Pepper,_bell___healthy",train/Blueberry___healthy/8e993b68-3e27-4289-abf5-e25a7faac9e1___RS_HL 4885.JPG,"train/Pepper,_bell___healthy/8de81983-7026-47e2-a972-854af986bfc0___JR_HL 5879.JPG",4,0.15274202823638916,0.7168960764565839,False
Apple___healthy,Potato___Late_blight,train/Apple___healthy/89ce10db-057c-4c03-9324-b512db8ca3d6___RS_HL 5797.JPG,train/Potato___Late_blight/5e8203e5-b699-4d5a-acb5-08a5f06ee984___RS_LB 5291.JPG,4,0.09039592742919922,0.7958765616966968,False
Orange___Haunglongbing_(Citrus_greening),Potato___healthy,train/Orange___Haunglongbing_(Citrus_greening)/01ec65ac-7f38-4197-a850-c922c2c2ade2___CREC_HLB 7244.JPG,train/Potato___healthy/6f4b9acd-f34d-4771-a6bc-2001de2dd1d3___RS_HL 1898.JPG,4,0.1578584611415863,0.6826052406172224,False
"Pepper,_bell___healthy",Raspberry___healthy,"train/Pepper,_bell___healthy/ef91d789-9549-42a6-b48e-7695ccd64a1f___JR_HL 7586.JPG",train/Raspberry___healthy/168f4f5b-4a8a-4fec-a0fa-a54e182d7b00___Mary_HL 9198.JPG,4,0.13892009854316711,0.7043130203005517,False
Blueberry___healthy,Raspberry___healthy,train/Blueberry___healthy/09e4cb6f-2897-477a-adce-f2c6204840e5___RS_HL 2303.JPG,train/Raspberry___healthy/5829c049-aa10-494a-9663-8ce0677e64f7___Mary_HL 6330.JPG,4,0.14087378978729248,0.5562206087730833,False
Apple___Black_rot,Raspberry___healthy,train/Apple___Black_rot/f3bac530-dd9a-43b3-b3cf-9860315f3d18___JR_FrgE.S 8800.JPG,train/Raspberry___healthy/68c91797-4323-4a34-a203-8393cdf3889b___Mary_HL 9143.JPG,4,0.12046355754137039,0.7058314559682255,False
Apple___healthy,Raspberry___healthy,train/Apple___healthy/6fe99b1c-d402-4756-a21b-ff964b999adb___RS_HL 6253.JPG,train/Raspberry___healthy/8c7736ec-6aff-45d8-9ee3-4609496a9f5b___Mary_HL 6245.JPG,4,0.21435754001140594,0.8544787377818815,False
"Pepper,_bell___Bacterial_spot",Raspberry___healthy,"train/Pepper,_bell___Bacterial_spot/380d0458-2f1e-432c-8adf-614143cba968___JR_B.Spot 8980.JPG",train/Raspberry___healthy/926f9aca-a072-4bd9-a748-78d7ea018c88___Mary_HL 6228.JPG,4,0.15241794288158417,0.6981189579826378,False
Cherry_(including_sour)___healthy,Raspberry___healthy,train/Cherry_(including_sour)___healthy/c4ef4ce3-b528-4cd8-8042-f23a980990c9___JR_HL 9668.JPG,train/Raspberry___healthy/9f63daed-c468-4783-94c9-c703187a37ad___Mary_HL 6303.JPG,4,0.10453275591135025,0.7766376971843615,False
"Pepper,_bell___healthy",Raspberry___healthy,"train/Pepper,_bell___healthy/db39cf0e-cfe0-49d1-a5ed-5d69faa26507___JR_HL 8756.JPG",train/Raspberry___healthy/bc42d851-1621-47ab-ad98-f410a474b4ca___Mary_HL 6218.JPG,4,0.11584386229515076,0.6916173308595291,False
Apple___healthy,Raspberry___healthy,train/Apple___healthy/6fe99b1c-d402-4756-a21b-ff964b999adb___RS_HL 6253.JPG,train/Raspberry___healthy/fbe55704-4329-4dd5-a336-9e315186e497___Mary_HL 6321.JPG,4,0.15919388830661774,0.8534147778134243,False
Orange___Haunglongbing_(Citrus_greening),Soybean___healthy,train/Orange___Haunglongbing_(Citrus_greening)/9f6b0bdc-33f9-44f0-a055-a1b2d54b6fa2___CREC_HLB 5644.JPG,train/Soybean___healthy/00457581-0077-442d-b19a-0dc6027e8cfc___RS_HL 5635.JPG,4,0.1849125772714615,0.6822522885561737,False
Potato___healthy,Soybean___healthy,train/Potato___healthy/1b434c52-7be4-40c4-90d5-13220f1a3eba___RS_HL 5418.JPG,train/Soybean___healthy/00f09c0e-8129-4e1b-8b55-020c633beaf0___RS_HL 3934.JPG,4,0.11227022111415863,0.7452787454089503,False
Blueberry___healthy,Soybean___healthy,train/Blueberry___healthy/aa57ac16-a2f7-4439-b5f6-66ae641d4bf8___RS_HL 5309.JPG,train/Soybean___healthy/02939fee-0408-46de-81c7-e0ecf75fb9f5___RS_HL 4664.JPG,4,0.1977139711380005,0.8004191548476786,False
Orange___Haunglongbing_(Citrus_greening),Soybean___healthy,train/Orange___Haunglongbing_(Citrus_greening)/5fb6714a-7725-44a3-b1c2-1d59aa2e7d92___CREC_HLB 5567.JPG,train/Soybean___healthy/02f3a559-6f7c-43d4-bd61-23951756f43e___RS_HL 5805 1.JPG,4,0.2295287847518921,0.859352570939001,False
Raspberry___healthy,Soybean___healthy,train/Raspberry___healthy/cd638182-5de8-428f-a1d5-8af938f5d280___Mary_HL 9264.JPG,train/Soybean___healthy/0349cb1c-194d-43e9-9d53-170e816d337e___RS_HL 5180.JPG,4,0.2645936906337738,0.7776397443572696,False
Raspberry___healthy,Soybean___healthy,train/Raspberry___healthy/9d5f3e6c-3f4c-4882-b423-d9ddb52ea4d8___Mary_HL 6332.JPG,train/Soybean___healthy/056ec80d-2407-4683-87b4-21197c4e493d___RS_HL 4498.JPG,4,0.10240969806909561,0.8410094470759163,False
Orange___Haunglongbing_(Citrus_greening),Soybean___healthy,train/Orange___Haunglongbing_(Citrus_greening)/7385ea50-db60-4316-a4ad-0944e4774b3d___CREC_HLB 5264.JPG,train/Soybean___healthy/057ec0ba-530a-4ca0-a51a-c42d531a159d___RS_HL 6234.JPG,4,0.12951914966106415,0.6803947268627166,False
Raspberry___healthy,Soybean___healthy,train/Raspberry___healthy/1b2fb65b-bfe9-43dc-940a-50a32b9a421f___Mary_HL 6317.JPG,train/Soybean___healthy/058d647e-b0e3-4a26-8fa5-21f5357909e4___RS_HL 5302.JPG,4,0.12317139655351639,0.8064721355903014,False
Potato___healthy,Soybean___healthy,train/Potato___healthy/468d3107-f09a-4f0d-8b9d-f08d7c49738f___RS_HL 1747.JPG,train/Soybean___healthy/069aa38e-5d0b-41a9-ad40-a87b943fa209___RS_HL 4335.JPG,4,0.11601151525974274,0.7301654744067703,False
Cherry_(including_sour)___healthy,Soybean___healthy,train/Cherry_(including_sour)___healthy/34e05c4f-6742-442e-884e-ef3191eb923b___JR_HL 4049.JPG,train/Soybean___healthy/07aa8b8d-763d-44e6-a07b-0fcc805bef5d___RS_HL 3127.JPG,4,0.17168067395687103,0.7725457370282673,False
Raspberry___healthy,Soybean___healthy,train/Raspberry___healthy/a8bea1f3-eff7-4819-b0a8-72259d864518___Mary_HL 6376.JPG,train/Soybean___healthy/07ed2de2-1a88-4b3b-adc2-94102d5eaba5___RS_HL 4700.JPG,2,0.10331166535615921,0.872671516284777,False
"Pepper,_bell___healthy",Soybean___healthy,"train/Pepper,_bell___healthy/537a12f3-7157-461c-8e15-631bc74e3b3a___JR_HL 5810.JPG",train/Soybean___healthy/0ca2cd1f-bd70-49f5-9e1d-fb51958aee44___RS_HL 5014.JPG,4,0.10062211006879807,0.7545796128295992,False
Orange___Haunglongbing_(Citrus_greening),Soybean___healthy,train/Orange___Haunglongbing_(Citrus_greening)/0db25e1d-011b-42d7-83b5-58cb9f0c99d3___CREC_HLB 7501.JPG,train/Soybean___healthy/0cfd34e2-ec1c-4155-861d-33fb9e983e56___RS_HL 3615.JPG,4,0.15210501849651337,0.717118190463225,False
"Pepper,_bell___healthy",Soybean___healthy,"train/Pepper,_bell___healthy/3f3b903c-cfeb-4574-8be7-1580296d7c2f___JR_HL 5865.JPG",train/Soybean___healthy/12c697fc-26e6-48f9-bf0c-729f820e1e83___RS_HL 5530 1.JPG,4,0.11679460108280182,0.7900517096556487,False
"Pepper,_bell___healthy",Soybean___healthy,"train/Pepper,_bell___healthy/228e2afd-54a4-4097-8489-916c608361a9___JR_HL 7690.JPG",train/Soybean___healthy/1546b354-6c02-4fa4-80de-1b823505364c___RS_HL 5330.JPG,4,0.10488763451576233,0.7236206813112522,False
"Pepper,_bell___healthy",Soybean___healthy,"train/Pepper,_bell___healthy/9e17a7df-6284-467f-b223-33b0d06d0a81___JR_HL 5973.JPG",train/Soybean___healthy/16248d15-e455-46ac-8924-4905312549dd___RS_HL 4244.JPG,4,0.13794325292110443,0.7234002579305306,False
Raspberry___healthy,Soybean___healthy,train/Raspberry___healthy/9d5f3e6c-3f4c-4882-b423-d9ddb52ea4d8___Mary_HL 6332.JPG,train/Soybean___healthy/16248d15-e455-46ac-8924-4905312549dd___RS_HL 4244.JPG,4,0.08958574384450912,0.8078671846425787,False
"Pepper,_bell___healthy",Soybean___healthy,"train/Pepper,_bell___healthy/a75f1c24-d102-4283-8033-dade69c87c04___JR_HL 5834.JPG",train/Soybean___healthy/17f6f0b5-e276-4fbb-9aac-f95459c06545___RS_HL 4667.JPG,4,0.11697374284267426,0.7371653627185186,False
Apple___healthy,Soybean___healthy,train/Apple___healthy/dbea92a9-9473-4cb1-b181-341789de0681___RS_HL 5708.JPG,train/Soybean___healthy/19de8dd0-f636-4608-9c08-a6b82f7d2924___RS_HL 4164.JPG,4,0.17689695954322815,0.7500026728780017,False
Raspberry___healthy,Soybean___healthy,train/Raspberry___healthy/4c210242-adfc-4011-88e5-3380cbee49b1___Mary_HL 9351.JPG,train/Soybean___healthy/1a047122-3729-4641-887f-ecbeb4baec27___RS_HL 4942.JPG,4,0.1599176973104477,0.8053615312305697,False
Raspberry___healthy,Soybean___healthy,train/Raspberry___healthy/de3b86c7-8f0b-4cd8-ab11-2450fff0ec52___Mary_HL 9154.JPG,train/Soybean___healthy/1a047122-3729-4641-887f-ecbeb4baec27___RS_HL 4942.JPG,4,0.15534918010234833,0.7836979849386772,False
Raspberry___healthy,Soybean___healthy,train/Raspberry___healthy/0b504ebf-77ab-46a0-ab30-0da09d5e1c7b___Mary_HL 6389.JPG,train/Soybean___healthy/1b2217a6-a79b-4c52-b737-392905939db1___RS_HL 5026.JPG,4,0.10348399728536606,0.8177828500947255,False
Raspberry___healthy,Soybean___healthy,train/Raspberry___healthy/f9a17672-1988-4d21-be88-a47880d56e44___Mary_HL 6365.JPG,train/Soybean___healthy/1b92986a-c2f5-4394-9d4d-9f240b4dbec4___RS_HL 4922.JPG,4,0.13635478913784027,0.7481936428939802,False
"Pepper,_bell___healthy",Soybean___healthy,"train/Pepper,_bell___healthy/cfbbeb79-9aba-4011-ba99-470509286459___JR_HL 5826.JPG",train/Soybean___healthy/1b951855-b456-4f7c-b0b1-cf663d047929___RS_HL 5482.JPG,4,0.10471076518297195,0.7750898374797935,False
Raspberry___healthy,Soybean___healthy,train/Raspberry___healthy/cd638182-5de8-428f-a1d5-8af938f5d280___Mary_HL 9264.JPG,train/Soybean___healthy/1b951855-b456-4f7c-b0b1-cf663d047929___RS_HL 5482.JPG,4,0.1932755410671234,0.7885471324413832,False
Apple___healthy,Soybean___healthy,train/Apple___healthy/1497c20f-448a-48e2-9cf0-b4fc8cfa848a___RS_HL 6292.JPG,train/Soybean___healthy/1f22efed-6dea-40b6-9597-5f6abe515095___RS_HL 4673.JPG,4,0.16532345116138458,0.7988028010245845,False
"Pepper,_bell___healthy",Soybean___healthy,"train/Pepper,_bell___healthy/fb974d64-1b7a-4d68-8ddb-1b8ed3011f25___JR_HL 5899.JPG",train/Soybean___healthy/1f770cd9-0e55-48e7-93e5-a93144b85f1e___RS_HL 3663.JPG,4,0.10065203905105591,0.7580026267654911,False
Raspberry___healthy,Soybean___healthy,train/Raspberry___healthy/ae5a17be-bbf6-47dd-a04d-7fdaa7703a74___Mary_HL 9324.JPG,train/Soybean___healthy/23770740-36a5-4fcf-8a43-4cf9699a7205___RS_HL 6602.JPG,4,0.10475019365549088,0.7362279120621981,False
Raspberry___healthy,Soybean___healthy,train/Raspberry___healthy/eda7f6bf-dc99-4287-a38c-f259e2f21886___Mary_HL 9323.JPG,train/Soybean___healthy/23770740-36a5-4fcf-8a43-4cf9699a7205___RS_HL 6602.JPG,4,0.10064224153757095,0.7502266827754562,False
Apple___healthy,Soybean___healthy,train/Apple___healthy/1497c20f-448a-48e2-9cf0-b4fc8cfa848a___RS_HL 6292.JPG,train/Soybean___healthy/23ed011c-27ac-4515-a724-eba2ea0ccff3___RS_HL 4002.JPG,4,0.15340454876422882,0.7922550822286948,False
"Pepper,_bell___healthy",Soybean___healthy,"train/Pepper,_bell___healthy/828383ff-b79a-4c9d-9b24-87b8e6c73bfe___JR_HL 5965.JPG",train/Soybean___healthy/261555bd-eca0-4e1b-aba9-749a08ca2459___RS_HL 4930.JPG,4,0.09409637004137039,0.7657725566554067,False
"Pepper,_bell___healthy",Soybean___healthy,"train/Pepper,_bell___healthy/228e2afd-54a4-4097-8489-916c608361a9___JR_HL 7690.JPG",train/Soybean___healthy/26a8a48e-acc8-48f0-9259-39d900836a04___RS_HL 5068.JPG,4,0.14500883221626282,0.7460234048325518,False
Cherry_(including_sour)___healthy,Soybean___healthy,train/Cherry_(including_sour)___healthy/a6562ee2-b37b-4734-9bf4-75da24f34bd1___JR_HL 4153.JPG,train/Soybean___healthy/27c225cc-f65b-4c71-8e74-74cba1ecb0ac___RS_HL 4647.JPG,4,0.17625825107097626,0.7385045307692345,False
Cherry_(including_sour)___healthy,Soybean___healthy,train/Cherry_(including_sour)___healthy/705108ce-01cc-4bf5-b92b-bdd4dfd3cabd___JR_HL 4001.JPG,train/Soybean___healthy/2b3551c3-835f-4051-aa8e-e673c8b7dbf3___RS_HL 3867.JPG,4,0.14806927740573883,0.6845952775507461,False
Raspberry___healthy,Soybean___healthy,train/Raspberry___healthy/2d98e51f-8702-4309-944b-e196c2ec5275___Mary_HL 6241.JPG,train/Soybean___healthy/2b876fda-8f73-4000-9bbb-3752922608b5___RS_HL 4512.JPG,4,0.09428969025611877,0.8443262674069854,False
Raspberry___healthy,Soybean___healthy,train/Raspberry___healthy/5829c049-aa10-494a-9663-8ce0677e64f7___Mary_HL 6330.JPG,train/Soybean___healthy/2d457a27-71d9-4b38-ba4f-36b1a88bf755___RS_HL 5461.JPG,4,0.16772720217704773,0.8578963190993856,False
Raspberry___healthy,Soybean___healthy,train/Raspberry___healthy/fe1c1683-06cc-49c5-b86a-a41fb36f058b___Mary_HL 6249.JPG,train/Soybean___healthy/2d457a27-71d9-4b38-ba4f-36b1a88bf755___RS_HL 5461.JPG,4,0.1347457617521286,0.8538608207577991,False
Raspberry___healthy,Soybean___healthy,train/Raspberry___healthy/b3231913-b0e1-4209-8fcb-77d9855eced1___Mary_HL 6306.JPG,train/Soybean___healthy/2f5e2a9a-399e-4dbe-917a-41d405cef14c___RS_HL 4330.JPG,4,0.08266697824001312,0.8289336012492781,False
"Pepper,_bell___healthy",Soybean___healthy,"train/Pepper,_bell___healthy/db39cf0e-cfe0-49d1-a5ed-5d69faa26507___JR_HL 8756.JPG",train/Soybean___healthy/33e8f0ce-db42-4734-992b-3e69baead37b___RS_HL 3837.JPG,4,0.1100790947675705,0.7302380912019774,False
"Pepper,_bell___Bacterial_spot",Soybean___healthy,"train/Pepper,_bell___Bacterial_spot/2cdea224-6f10-4a3d-a3f1-1debd1a42640___JR_B.Spot 8926.JPG",train/Soybean___healthy/39647c0d-54b3-4cb0-9acb-78f85f2459cb___RS_HL 4289.JPG,4,0.08951935917139053,0.8060317798184783,False
Apple___healthy,Soybean___healthy,train/Apple___healthy/6fe99b1c-d402-4756-a21b-ff964b999adb___RS_HL 6253.JPG,train/Soybean___healthy/3cb41f89-4e40-4fbd-9715-ce1bf3b1795b___RS_HL 4721.JPG,4,0.2121492326259613,0.8455303278536596,False
Raspberry___healthy,Soybean___healthy,train/Raspberry___healthy/fbe55704-4329-4dd5-a336-9e315186e497___Mary_HL 6321.JPG,train/Soybean___healthy/3cb41f89-4e40-4fbd-9715-ce1bf3b1795b___RS_HL 4721.JPG,2,0.11730721592903137,0.7819346324043569,False
"Pepper,_bell___healthy",Soybean___healthy,"train/Pepper,_bell___healthy/cec3cfff-3d00-46cf-8a8e-b7438ec7901e___JR_HL 7810.JPG",train/Soybean___healthy/3ce813a2-6087-451d-8b8e-e7826799ba6b___RS_HL 5939.JPG,4,0.15834666788578033,0.6234549014249077,False
"Pepper,_bell___healthy",Soybean___healthy,"train/Pepper,_bell___healthy/55378a01-da83-4596-8343-8ca679c81c90___JR_HL 7573.JPG",train/Soybean___healthy/423d88db-3db3-4437-b1b0-91c326431d94___RS_HL 4228.JPG,4,0.12097503244876862,0.6651369537149446,False
Raspberry___healthy,Soybean___healthy,train/Raspberry___healthy/d907d8a1-b993-4e4f-9e55-368ca54f3405___Mary_HL 6355.JPG,train/Soybean___healthy/432221ce-2545-4d1f-b3e2-a19440c3ffeb___RS_HL 7037.JPG,4,0.14402885735034943,0.754369330469559,False
Blueberry___healthy,Soybean___healthy,train/Blueberry___healthy/aa57ac16-a2f7-4439-b5f6-66ae641d4bf8___RS_HL 5309.JPG,train/Soybean___healthy/442d2f25-1c93-4ecc-9a55-6dc7fce1783c___RS_HL 4698.JPG,4,0.16740678250789642,0.8345151998577767,False
Apple___healthy,Soybean___healthy,train/Apple___healthy/2abb295b-31c5-4e5f-b5c7-94ca57e94305___RS_HL 6277.JPG,train/Soybean___healthy/442d762d-701e-40c8-a51d-7e8604e462f7___RS_HL 4781.JPG,4,0.08033344149589539,0.8595636613001363,False
Cherry_(including_sour)___healthy,Soybean___healthy,train/Cherry_(including_sour)___healthy/3465ffb4-8097-454b-a471-f572fdc1da00___JR_HL 9664.JPG,train/Soybean___healthy/482bb92a-9b28-4707-a266-a3fcccd0ae8c___RS_HL 5187.JPG,2,0.08711589872837067,0.822726678837072,False
"Pepper,_bell___Bacterial_spot",Soybean___healthy,"train/Pepper,_bell___Bacterial_spot/517e3352-9e28-4b42-970b-2aa198203960___JR_B.Spot 8855.JPG",train/Soybean___healthy/492af6b1-7b42-4dc3-bd3b-965aea1af122___RS_HL 5804 1.JPG,4,0.12217769026756287,0.7378481442633105,False
"Pepper,_bell___Bacterial_spot",Soybean___healthy,"train/Pepper,_bell___Bacterial_spot/aca08460-3229-47d9-9ce6-7b2bb9f1ce7f___JR_B.Spot 8901.JPG",train/Soybean___healthy/49d5db61-ba38-49ea-9665-18f9bafeda55___RS_HL 3724.JPG,4,0.16662894189357758,0.6645314695621855,False
Orange___Haunglongbing_(Citrus_greening),Soybean___healthy,train/Orange___Haunglongbing_(Citrus_greening)/5fb6714a-7725-44a3-b1c2-1d59aa2e7d92___CREC_HLB 5567.JPG,train/Soybean___healthy/49e224ed-5151-4e42-9612-6e24e2528b2f___RS_HL 7075.JPG,4,0.1163410097360611,0.8521141125692443,False
Raspberry___healthy,Soybean___healthy,train/Raspberry___healthy/9d5f3e6c-3f4c-4882-b423-d9ddb52ea4d8___Mary_HL 6332.JPG,train/Soybean___healthy/4c41b75f-b094-4de6-96ed-584bd9c49001___RS_HL 4929.JPG,4,0.1316230446100235,0.7646149974305553,False
Raspberry___healthy,Soybean___healthy,train/Raspberry___healthy/0b504ebf-77ab-46a0-ab30-0da09d5e1c7b___Mary_HL 6389.JPG,train/Soybean___healthy/4eedf17a-f0c8-4926-a1bb-1811331c39ac___RS_HL 5488.JPG,4,0.14673684537410736,0.7506268635747962,False
Apple___healthy,Soybean___healthy,train/Apple___healthy/b6a2a9d1-5fff-4f42-bc18-12c9777001e6___RS_HL 6067.JPG,train/Soybean___healthy/4fc10746-5fc0-4089-b77d-ed0fe8160515___RS_HL 5693 1.JPG,4,0.22072240710258484,0.7399265647912003,False
Raspberry___healthy,Soybean___healthy,train/Raspberry___healthy/020e14fb-6016-4d7f-b489-445e0021b58e___Mary_HL 6324.JPG,train/Soybean___healthy/51223347-49df-454c-b84c-8ff0d0796891___RS_HL 5518 1.JPG,4,0.12373876571655273,0.8360887165891171,False
Blueberry___healthy,Soybean___healthy,train/Blueberry___healthy/aa57ac16-a2f7-4439-b5f6-66ae641d4bf8___RS_HL 5309.JPG,train/Soybean___healthy/51449717-1551-473b-b91d-af6af1be9117___RS_HL 5224.JPG,4,0.17696434259414673,0.8013558327626864,False
Potato___Late_blight,Soybean___healthy,train/Potato___Late_blight/1e69b122-3920-4c4a-bfff-a18f3d6c3f89___RS_LB 4766.JPG,train/Soybean___healthy/55d0c256-8b4f-4dad-b626-8db76b445476___RS_HL 3216.JPG,4,0.13366112112998962,0.6791161673430375,False
Potato___Early_blight,Soybean___healthy,train/Potato___Early_blight/c47fa8ac-b2a5-4470-bda6-26dec4000409___RS_Early.B 7395.JPG,train/Soybean___healthy/5924cb13-ff43-4537-82e8-eeca9943e54c___RS_HL 5514.JPG,4,0.14415934681892395,0.5427225135055253,False
Apple___healthy,Soybean___healthy,train/Apple___healthy/d6590bcb-cb7e-47c9-beb0-80785efb4046___RS_HL 6234.JPG,train/Soybean___healthy/59f0581c-ee87-418a-96db-2b718bd740ee___RS_HL 3614.JPG,4,0.22175443172454834,0.7579982466485636,False
Orange___Haunglongbing_(Citrus_greening),Soybean___healthy,train/Orange___Haunglongbing_(Citrus_greening)/0b4118d9-903b-4883-a8e2-d802d524e1d6___CREC_HLB 4350.JPG,train/Soybean___healthy/5bd50611-7796-43ce-85a1-9b83c266f1a8___RS_HL 6685.JPG,4,0.10415177792310715,0.7498161742198043,False
"Pepper,_bell___healthy",Soybean___healthy,"train/Pepper,_bell___healthy/d17a8519-e2c2-4589-afdb-592063af49cf___JR_HL 8369.JPG",train/Soybean___healthy/6212b418-9d95-462d-a05a-91b88ccfd63e___RS_HL 6919.JPG,4,0.1364983320236206,0.6301545310423742,False
Raspberry___healthy,Soybean___healthy,train/Raspberry___healthy/1bc672d8-2546-4f01-9482-a97e0d6cc345___Mary_HL 9303.JPG,train/Soybean___healthy/63a5e362-672a-4dee-a673-d9258bb0ab6c___RS_HL 3560.JPG,4,0.1473366916179657,0.7833347477295319,False
Potato___Late_blight,Soybean___healthy,train/Potato___Late_blight/29bfc55a-8cb2-4938-b0b5-5e2748fd1a22___RS_LB 5070.JPG,train/Soybean___healthy/680847f2-f758-46bf-a08b-63179198eae8___RS_HL 6789.JPG,4,0.12970708310604095,0.6250248834087897,False
Raspberry___healthy,Soybean___healthy,train/Raspberry___healthy/59564e0d-f4ca-450f-adef-209cbfbec0ef___Mary_HL 9241.JPG,train/Soybean___healthy/6866ee58-983b-4c67-aa7e-3b701d331167___RS_HL 4517.JPG,4,0.10925527662038803,0.760971952525935,False
Orange___Haunglongbing_(Citrus_greening),Soybean___healthy,train/Orange___Haunglongbing_(Citrus_greening)/7a27f2e0-7c4e-4e1e-9a0f-152f0d141576___CREC_HLB 5580.JPG,train/Soybean___healthy/68a8ee0c-4adb-480e-8574-ad997c0cb571___RS_HL 5383.JPG,4,0.1476985216140747,0.8812427863568688,False
Raspberry___healthy,Soybean___healthy,train/Raspberry___healthy/9d5f3e6c-3f4c-4882-b423-d9ddb52ea4d8___Mary_HL 6332.JPG,train/Soybean___healthy/6932f8af-9d7f-4d90-a38f-7b28cbbb7d1d___RS_HL 4358.JPG,4,0.09772560000419617,0.7539160734657352,False
Blueberry___healthy,Soybean___healthy,train/Blueberry___healthy/d794cfbc-bfa5-4f7f-8751-e4c309f1f03b___RS_HL 0430.JPG,train/Soybean___healthy/69afedee-adf1-4267-9dac-cbb257b0874f___RS_HL 2740.JPG,4,0.10597370564937592,0.6609542602153597,False
Raspberry___healthy,Soybean___healthy,train/Raspberry___healthy/e0466bdf-6da6-4dbe-8558-9fa04e13f319___Mary_HL 9284.JPG,train/Soybean___healthy/6a37877c-41bf-4f7a-9e3d-f882d9b7bf62___RS_HL 4537.JPG,2,0.10792668908834457,0.7838001502160754,False
"Pepper,_bell___healthy",Soybean___healthy,"train/Pepper,_bell___healthy/d17a8519-e2c2-4589-afdb-592063af49cf___JR_HL 8369.JPG",train/Soybean___healthy/6f771b51-7c51-4d59-aeb9-153d04389540___RS_HL 6693.JPG,4,0.14356547594070435,0.6413386021168808,False
Blueberry___healthy,Soybean___healthy,train/Blueberry___healthy/aa57ac16-a2f7-4439-b5f6-66ae641d4bf8___RS_HL 5309.JPG,train/Soybean___healthy/70739c0f-e185-473b-a3b4-4ab60090d4c8___RS_HL 2807.JPG,4,0.14998823404312134,0.8504719320916244,False
Raspberry___healthy,Soybean___healthy,train/Raspberry___healthy/2acf2191-96db-4afa-bcdf-77590e0b7428___Mary_HL 6233.JPG,train/Soybean___healthy/72234468-dde7-4035-a55c-da6857c4101d___RS_HL 4031.JPG,4,0.07621825486421585,0.8221387853697715,False
"Pepper,_bell___healthy",Soybean___healthy,"train/Pepper,_bell___healthy/4f975b18-03dc-444d-a1fd-67a4fe0143a6___JR_HL 5944.JPG",train/Soybean___healthy/7519e469-b740-446e-8eb5-0085ea2e86de___RS_HL 5715 1.JPG,4,0.08922745287418365,0.7837870942283889,False
Cherry_(including_sour)___healthy,Soybean___healthy,train/Cherry_(including_sour)___healthy/8c1abb7e-703e-4c23-9e3e-d2893b8abe3a___JR_HL 4048.JPG,train/Soybean___healthy/75ceae51-b2fe-49ba-b396-6bcf86800922___RS_HL 4943.JPG,4,0.17024457454681396,0.736354889278808,False
Orange___Haunglongbing_(Citrus_greening),Soybean___healthy,train/Orange___Haunglongbing_(Citrus_greening)/4fd2b622-36f6-454c-ba76-d5e89a2280d1___CREC_HLB 4277.JPG,train/Soybean___healthy/7b1f775e-3da9-46e2-b5d7-8c54a94df2c0___RS_HL 5580.JPG,4,0.18404948711395264,0.7368141233007991,False
Potato___healthy,Soybean___healthy,train/Potato___healthy/468d3107-f09a-4f0d-8b9d-f08d7c49738f___RS_HL 1747.JPG,train/Soybean___healthy/7ca2e5e5-92d1-4692-a9d7-924a3791ed61___RS_HL 3452.JPG,4,0.10166150331497192,0.7366077650306851,False
"Pepper,_bell___healthy",Soybean___healthy,"train/Pepper,_bell___healthy/4f975b18-03dc-444d-a1fd-67a4fe0143a6___JR_HL 5944.JPG",train/Soybean___healthy/7f11ac3f-4fe3-48d8-ac29-dd5fee73967b___RS_HL 6168.JPG,4,0.15432779490947723,0.6311346741163163,False
"Pepper,_bell___Bacterial_spot",Soybean___healthy,"train/Pepper,_bell___Bacterial_spot/c869760f-5c94-4282-9e1b-a7b0f36455e4___JR_B.Spot 8929.JPG",train/Soybean___healthy/80cc4b80-0c34-4ea5-a4c4-1064cfbb47ea___RS_HL 3530.JPG,4,0.13486745953559875,0.7818080609407003,False
Blueberry___healthy,Soybean___healthy,train/Blueberry___healthy/aa57ac16-a2f7-4439-b5f6-66ae641d4bf8___RS_HL 5309.JPG,train/Soybean___healthy/82887587-9fbc-441e-a5bd-c8e2da3099d6___RS_HL 4965.JPG,4,0.16393400728702545,0.8440392188547198,False
Raspberry___healthy,Soybean___healthy,train/Raspberry___healthy/fe1c1683-06cc-49c5-b86a-a41fb36f058b___Mary_HL 6249.JPG,train/Soybean___healthy/8807e5ea-3854-4f19-bfa3-99b83f0d7a0f___RS_HL 5035.JPG,4,0.12606266140937805,0.7820925237859626,False
Raspberry___healthy,Soybean___healthy,train/Raspberry___healthy/3368e77a-9245-4e4f-89ee-41968b060e56___Mary_HL 6251.JPG,train/Soybean___healthy/881f9aa0-f506-447a-b13d-de55d06d042e___RS_HL 4749.JPG,4,0.10801377147436142,0.790995186269389,False
Raspberry___healthy,Soybean___healthy,train/Raspberry___healthy/2acf2191-96db-4afa-bcdf-77590e0b7428___Mary_HL 6233.JPG,train/Soybean___healthy/888e439a-f383-4b9f-9e4c-4e5ce9f54283___RS_HL 3609.JPG,4,0.09703370928764343,0.836823784167275,False
Raspberry___healthy,Soybean___healthy,train/Raspberry___healthy/733631a5-c883-4e9f-946f-950edc90477a___Mary_HL 6284.JPG,train/Soybean___healthy/8c01ceab-28ce-4b5c-bb2e-c779217d525f___RS_HL 3688.JPG,4,0.18284951150417328,0.7696430451625765,False
Raspberry___healthy,Soybean___healthy,train/Raspberry___healthy/05f26de9-3f26-44f8-9ad4-cd83952399b3___Mary_HL 9140.JPG,train/Soybean___healthy/900ec55b-b4cf-4783-b1cd-0a0c301daccd___RS_HL 2877.JPG,4,0.13284511864185333,0.7367903353108367,False
"Pepper,_bell___healthy",Soybean___healthy,"train/Pepper,_bell___healthy/ec8bc198-28c5-4664-a104-ba229ba93233___JR_HL 5996.JPG",train/Soybean___healthy/9181a07b-a2a1-4425-83aa-a5cd8c4ab130___RS_HL 4196.JPG,4,0.09236494451761246,0.7834286629495774,False
Raspberry___healthy,Soybean___healthy,train/Raspberry___healthy/599c43e6-e742-4bc6-92a1-a1ebe4fa820a___Mary_HL 9158.JPG,train/Soybean___healthy/935369be-b082-4836-ba97-81f5f8e274b9___RS_HL 4247.JPG,4,0.09776092320680618,0.8557760151843931,False
Apple___healthy,Soybean___healthy,train/Apple___healthy/dbea92a9-9473-4cb1-b181-341789de0681___RS_HL 5708.JPG,train/Soybean___healthy/9517b201-9852-4456-a2af-ad45944d45cf___RS_HL 3777.JPG,4,0.22298870980739594,0.7350818146481009,False
Orange___Haunglongbing_(Citrus_greening),Soybean___healthy,train/Orange___Haunglongbing_(Citrus_greening)/94e0ea4c-cf92-4794-bf54-de0ef491065d___CREC_HLB 7200.JPG,train/Soybean___healthy/95d81449-9f6f-46c9-a613-974385857d07___RS_HL 6344.JPG,4,0.14480245113372803,0.6156649595054571,False
Raspberry___healthy,Soybean___healthy,train/Raspberry___healthy/8dd015bb-bceb-41f6-9b6e-40d66cb8ad4e___Mary_HL 6329.JPG,train/Soybean___healthy/9732b287-2175-4eb0-ba41-1c3d9b6c8891___RS_HL 4692.JPG,4,0.09585800766944885,0.8187059277969664,False
Cherry_(including_sour)___healthy,Soybean___healthy,train/Cherry_(including_sour)___healthy/34e05c4f-6742-442e-884e-ef3191eb923b___JR_HL 4049.JPG,train/Soybean___healthy/97d5eac5-a52b-4918-a31d-a0e1371780f4___RS_HL 4488.JPG,4,0.1919713169336319,0.7117857927088765,False
"Pepper,_bell___healthy",Soybean___healthy,"train/Pepper,_bell___healthy/d17a8519-e2c2-4589-afdb-592063af49cf___JR_HL 8369.JPG",train/Soybean___healthy/9945bbac-128b-4fbe-86c1-046c123b5e6d___RS_HL 6917.JPG,4,0.14223672449588776,0.6387813295604725,False
Raspberry___healthy,Soybean___healthy,train/Raspberry___healthy/3368e77a-9245-4e4f-89ee-41968b060e56___Mary_HL 6251.JPG,train/Soybean___healthy/9d658393-93ae-4a80-9bb7-13d77fdf6061___RS_HL 3519.JPG,4,0.10873360186815262,0.8008581508172116,False
Raspberry___healthy,Soybean___healthy,train/Raspberry___healthy/020e14fb-6016-4d7f-b489-445e0021b58e___Mary_HL 6324.JPG,train/Soybean___healthy/9e1987ae-31e9-4e8e-bdcb-0f4dab1f4b92___RS_HL 5513.JPG,4,0.1127445250749588,0.8263270458873433,False
"Pepper,_bell___healthy",Soybean___healthy,"train/Pepper,_bell___healthy/64515548-7446-4e85-b562-ec1f01acab15___JR_HL 5967.JPG",train/Soybean___healthy/9ec816bb-0a0f-442c-ba33-563a26e1568f___RS_HL 4008.JPG,4,0.08687761425971985,0.7311396122107477,False
Cherry_(including_sour)___healthy,Soybean___healthy,train/Cherry_(including_sour)___healthy/59022c11-f4f9-425c-a5c4-3b00407a4d4b___JR_HL 4304.JPG,train/Soybean___healthy/a16bd409-975f-4c72-96df-d008778c5311___RS_HL 6104.JPG,4,0.1077292412519455,0.71735161763759,False
Raspberry___healthy,Soybean___healthy,train/Raspberry___healthy/50afaeb0-372d-4b4f-a0e7-3a792bfdf2d8___Mary_HL 9203.JPG,train/Soybean___healthy/a27454bc-c7da-49ab-83cd-60541320fcc3___RS_HL 4418.JPG,4,0.10077075660228729,0.7742486421811335,False
Cherry_(including_sour)___healthy,Soybean___healthy,train/Cherry_(including_sour)___healthy/9711cd2a-25f1-4e08-bb70-b5443d2ed94e___JR_HL 9432.JPG,train/Soybean___healthy/a7711242-c374-4156-a8ba-d1ad73d38f8e___RS_HL 3713.JPG,4,0.1387355625629425,0.7397884296601666,False
Cherry_(including_sour)___healthy,Soybean___healthy,train/Cherry_(including_sour)___healthy/ea6eb22e-337b-4f6e-b18f-6e5633e97571___JR_HL 9741.JPG,train/Soybean___healthy/a7711242-c374-4156-a8ba-d1ad73d38f8e___RS_HL 3713.JPG,4,0.11392718553543091,0.7684262136456326,False
Orange___Haunglongbing_(Citrus_greening),Soybean___healthy,train/Orange___Haunglongbing_(Citrus_greening)/0b4118d9-903b-4883-a8e2-d802d524e1d6___CREC_HLB 4350.JPG,train/Soybean___healthy/a821e906-0e8f-459e-bcbc-321ff0c21f3d___RS_HL 6490.JPG,4,0.1674557328224182,0.710600992187498,False
"Pepper,_bell___healthy",Soybean___healthy,"train/Pepper,_bell___healthy/9e17a7df-6284-467f-b223-33b0d06d0a81___JR_HL 5973.JPG",train/Soybean___healthy/ab50f101-c720-4870-b65f-2acc76e400e9___RS_HL 4295.JPG,4,0.13491356372833252,0.798356571400393,False
"Pepper,_bell___healthy",Soybean___healthy,"train/Pepper,_bell___healthy/b49270a7-3369-4dd5-ad39-898c3c7adf9e___JR_HL 7676.JPG",train/Soybean___healthy/afa5ace9-4b20-4250-83f0-2b2a8bc8d2a8___RS_HL 4230.JPG,4,0.0960700586438179,0.7395047618269698,False
Cherry_(including_sour)___healthy,Soybean___healthy,train/Cherry_(including_sour)___healthy/8c1abb7e-703e-4c23-9e3e-d2893b8abe3a___JR_HL 4048.JPG,train/Soybean___healthy/b23bc2ab-d7f6-47dc-a0d4-03beaa7cb1a7___RS_HL 4226.JPG,4,0.08427557349205017,0.8077724890747341,False
Cherry_(including_sour)___healthy,Soybean___healthy,train/Cherry_(including_sour)___healthy/dc8ada8f-338c-4428-8878-b3d91f038374___JR_HL 9545.JPG,train/Soybean___healthy/b8301cf6-7405-40ea-9899-42bb8a3a4a91___RS_HL 3901.JPG,4,0.08928575366735458,0.8362038795470143,False
Raspberry___healthy,Soybean___healthy,train/Raspberry___healthy/3368e77a-9245-4e4f-89ee-41968b060e56___Mary_HL 6251.JPG,train/Soybean___healthy/b84d5fcc-188e-4b73-b8a5-262600c5c944___RS_HL 3410.JPG,4,0.09732689708471298,0.7572725621029622,False
"Pepper,_bell___healthy",Soybean___healthy,"train/Pepper,_bell___healthy/537a12f3-7157-461c-8e15-631bc74e3b3a___JR_HL 5810.JPG",train/Soybean___healthy/b92ff029-51a7-4a2f-8dce-708b5c7f5f95___RS_HL 5072.JPG,4,0.0944274291396141,0.7870223249731197,False
Raspberry___healthy,Soybean___healthy,train/Raspberry___healthy/599c43e6-e742-4bc6-92a1-a1ebe4fa820a___Mary_HL 9158.JPG,train/Soybean___healthy/bb171f67-77ec-4025-9ff3-ea5b66be396b___RS_HL 6945.JPG,4,0.09786064177751541,0.7556761254996547,False
Apple___healthy,Soybean___healthy,train/Apple___healthy/b68238fa-2e01-43b2-bf8c-0e9d38848b02___RS_HL 6289.JPG,train/Soybean___healthy/bb5bca01-7a42-475f-bf7c-f06d6a6a7d7b___RS_HL 3516.JPG,4,0.26753005385398865,0.7301468256242168,False
Orange___Haunglongbing_(Citrus_greening),Soybean___healthy,train/Orange___Haunglongbing_(Citrus_greening)/23fc286e-0880-4f15-bb78-188e4717eb70___CREC_HLB 7934.JPG,train/Soybean___healthy/bd6b281b-11a7-4a04-91b8-aecf20b07fb9___RS_HL 7362.JPG,4,0.2262602597475052,0.6562617980066459,False
Raspberry___healthy,Soybean___healthy,train/Raspberry___healthy/a8bea1f3-eff7-4819-b0a8-72259d864518___Mary_HL 6376.JPG,train/Soybean___healthy/bd99e361-f8fe-4fdd-b07d-8e17a501f710___RS_HL 3510.JPG,4,0.1373058259487152,0.7531132952700305,False
Raspberry___healthy,Soybean___healthy,train/Raspberry___healthy/17e50337-1fc7-413d-a9e5-2825b1b8e7bb___Mary_HL 6390.JPG,train/Soybean___healthy/bee17ace-696f-42e9-9f59-b16b13d2e537___RS_HL 3096.JPG,4,0.20322132110595703,0.6977217040542679,False
"Pepper,_bell___Bacterial_spot",Soybean___healthy,"train/Pepper,_bell___Bacterial_spot/f409b53e-61e7-4aa5-8a6c-ae0f1c828099___JR_B.Spot 8955.JPG",train/Soybean___healthy/c0568643-8540-477d-82d1-e17df5c404b2___RS_HL 5766 1.JPG,4,0.09330561757087708,0.7630608607296089,False
Apple___healthy,Soybean___healthy,train/Apple___healthy/269865f0-68b7-4046-8076-22e347b36567___RS_HL 6256.JPG,train/Soybean___healthy/c072aed5-b91b-4d4d-a7b4-9ae81591ef08___RS_HL 4493.JPG,4,0.17850440740585327,0.7700679712493965,False
"Pepper,_bell___healthy",Soybean___healthy,"train/Pepper,_bell___healthy/2f070e21-3a24-435f-9122-10fb62f44c16___JR_HL 5824.JPG",train/Soybean___healthy/c0815e93-b1c5-4496-b1c9-d242dcbb35d5___RS_HL 4979.JPG,4,0.0780695453286171,0.8266459694039443,False
Cherry_(including_sour)___healthy,Soybean___healthy,train/Cherry_(including_sour)___healthy/9c1ddac2-44fa-4a3a-b7cb-4ab597faf089___JR_HL 4070.JPG,train/Soybean___healthy/c196bf2c-d07a-48e9-8283-a529351b1118___RS_HL 6275.JPG,4,0.11940898001194,0.7076483421225088,False
"Pepper,_bell___healthy",Soybean___healthy,"train/Pepper,_bell___healthy/9cde7a11-a044-4ca6-b1f1-4507b867f915___JR_HL 8580.JPG",train/Soybean___healthy/c21e4288-abd0-471b-9dc0-9ab0c08d9acd___RS_HL 6932.JPG,4,0.08766822516918182,0.7206656427950804,False
"Pepper,_bell___healthy",Soybean___healthy,"train/Pepper,_bell___healthy/228e2afd-54a4-4097-8489-916c608361a9___JR_HL 7690.JPG",train/Soybean___healthy/c27e227c-ce19-40af-8edb-d40f5f73c725___RS_HL 5424.JPG,4,0.1360923796892166,0.6941751783126615,False
Raspberry___healthy,Soybean___healthy,train/Raspberry___healthy/06959ec3-a76b-4968-b64b-ad874b958fc7___Mary_HL 6323.JPG,train/Soybean___healthy/c6407954-3412-456c-abec-6af975921f3d___RS_HL 4964.JPG,4,0.12663766741752625,0.7709050299574725,False
Raspberry___healthy,Soybean___healthy,train/Raspberry___healthy/dbaa5f62-187f-422b-ac84-12c6e7b12025___Mary_HL 9164.JPG,train/Soybean___healthy/c734a02e-694c-4f03-b268-2611d73cee33___RS_HL 5186.JPG,4,0.1886894553899765,0.7182598388217922,False
Cherry_(including_sour)___healthy,Soybean___healthy,train/Cherry_(including_sour)___healthy/005f183c-0a73-4738-91f7-c0a0e02cd9e3___JR_HL 9679.JPG,train/Soybean___healthy/c87321e2-d5a4-4153-b3b9-c099cdf1db5d___RS_HL 3828.JPG,4,0.1053420901298523,0.79861801083447,False
Orange___Haunglongbing_(Citrus_greening),Soybean___healthy,train/Orange___Haunglongbing_(Citrus_greening)/0b4118d9-903b-4883-a8e2-d802d524e1d6___CREC_HLB 4350.JPG,train/Soybean___healthy/c8af80df-2b9d-4751-b0c2-9112d5f67944___RS_HL 6716.JPG,4,0.123940609395504,0.7543785164971173,False
Apple___healthy,Soybean___healthy,train/Apple___healthy/b68238fa-2e01-43b2-bf8c-0e9d38848b02___RS_HL 6289.JPG,train/Soybean___healthy/c93fee6f-332c-4d0a-92c8-b0333576b038___RS_HL 5564 1.JPG,4,0.1824539303779602,0.7330748389075197,False
Apple___healthy,Soybean___healthy,train/Apple___healthy/cd18fd71-59d6-4d48-8c52-d31ff68f1fe2___RS_HL 5716.JPG,train/Soybean___healthy/ca8316a7-e0b2-4757-9d26-357e8c03c2bb___RS_HL 6388.JPG,4,0.12528637051582336,0.7395882822798074,False
Raspberry___healthy,Soybean___healthy,train/Raspberry___healthy/05dfc382-396a-4301-b940-7d1098feba11___Mary_HL 6358.JPG,train/Soybean___healthy/cd5fbde6-c830-4cb6-a90a-761bf6520013___RS_HL 5612 1.JPG,4,0.1420738846063614,0.7529313389485822,False
"Pepper,_bell___healthy",Soybean___healthy,"train/Pepper,_bell___healthy/f17c87e8-fd78-48a9-8501-1b6283b14c3c___JR_HL 5841.JPG",train/Soybean___healthy/d0e555d9-22c5-45f2-bbc0-0e87d6190741___RS_HL 3368.JPG,4,0.11009837687015533,0.72576423601621,False
Orange___Haunglongbing_(Citrus_greening),Soybean___healthy,train/Orange___Haunglongbing_(Citrus_greening)/e44a9387-730b-4b6b-b9ea-feca1109ab0c___CREC_HLB 5522.JPG,train/Soybean___healthy/d3b67b84-dfb8-47a8-a1ca-066269f812bb___RS_HL 7086.JPG,4,0.17324532568454742,0.7896392257357362,False
Raspberry___healthy,Soybean___healthy,train/Raspberry___healthy/b93108ac-bbc8-4fcd-9bae-9514ec2f3127___Mary_HL 6326.JPG,train/Soybean___healthy/d41726df-07b2-4588-b384-a855ea15ed83___RS_HL 3918.JPG,4,0.09353156387805939,0.8310586703236004,False
"Pepper,_bell___healthy",Soybean___healthy,"train/Pepper,_bell___healthy/cec3cfff-3d00-46cf-8a8e-b7438ec7901e___JR_HL 7810.JPG",train/Soybean___healthy/d6bc2d7c-4c6a-4335-a1ba-2fa6bde68a51___RS_HL 5948.JPG,4,0.12768997251987457,0.6891143613846707,False
"Pepper,_bell___healthy",Soybean___healthy,"train/Pepper,_bell___healthy/f47373b3-ed1e-42b0-988b-b2724cc89782___JR_HL 5903.JPG",train/Soybean___healthy/d9727e36-342b-473d-bd6a-82f1eef80966___RS_HL 4783.JPG,4,0.16735003888607025,0.7682263055855747,False
"Pepper,_bell___healthy",Soybean___healthy,"train/Pepper,_bell___healthy/f17c87e8-fd78-48a9-8501-1b6283b14c3c___JR_HL 5841.JPG",train/Soybean___healthy/d99eaa38-54e9-472f-8aab-f6dccc1a7eed___RS_HL 4996.JPG,4,0.09613346308469772,0.7591599986941285,False
Raspberry___healthy,Soybean___healthy,train/Raspberry___healthy/75f56384-1805-4f7f-8ad8-a2871d344bff___Mary_HL 9144.JPG,train/Soybean___healthy/db399cba-aeb5-49d8-ab69-0632158a65c6___RS_HL 4180.JPG,4,0.10847035050392151,0.7638687614756956,False
Blueberry___healthy,Soybean___healthy,train/Blueberry___healthy/aa57ac16-a2f7-4439-b5f6-66ae641d4bf8___RS_HL 5309.JPG,train/Soybean___healthy/dd2c720e-a184-4d25-a72e-752869d405c7___RS_HL 4461.JPG,4,0.15504592657089233,0.8717003674610254,False
Cherry_(including_sour)___healthy,Soybean___healthy,train/Cherry_(including_sour)___healthy/34e05c4f-6742-442e-884e-ef3191eb923b___JR_HL 4049.JPG,train/Soybean___healthy/dd2c720e-a184-4d25-a72e-752869d405c7___RS_HL 4461.JPG,4,0.12136524170637131,0.7802634076120744,False
"Pepper,_bell___healthy",Soybean___healthy,"train/Pepper,_bell___healthy/cec3cfff-3d00-46cf-8a8e-b7438ec7901e___JR_HL 7810.JPG",train/Soybean___healthy/df6b4dc4-bf3a-44ae-96a2-0137eec1b907___RS_HL 7073.JPG,4,0.1302141398191452,0.6516173540911874,False
Cherry_(including_sour)___healthy,Soybean___healthy,train/Cherry_(including_sour)___healthy/a0816ba7-dc4a-432a-85fc-79d2aa1b8f96___JR_HL 4047.JPG,train/Soybean___healthy/e0f9d06d-375d-4bb0-aec5-f25c2c2505b7___RS_HL 4766.JPG,4,0.11438333243131638,0.7898086524843684,False
"Pepper,_bell___healthy",Soybean___healthy,"train/Pepper,_bell___healthy/64cb0648-5140-4812-90bf-467ea19f8957___JR_HL 5921.JPG",train/Soybean___healthy/e546a7b6-7f3d-490d-bcb5-b8026e128cb6___RS_HL 4070.JPG,4,0.1308583915233612,0.7332141859811859,False
Raspberry___healthy,Soybean___healthy,train/Raspberry___healthy/f900ec33-0b1d-4f4e-b38f-fdd9f34a2a5e___Mary_HL 6250.JPG,train/Soybean___healthy/e7bf17d2-fff8-4ac0-aeed-6226e03d26df___RS_HL 4444.JPG,4,0.10582561790943146,0.8587394566400411,False
Blueberry___healthy,Soybean___healthy,train/Blueberry___healthy/aa57ac16-a2f7-4439-b5f6-66ae641d4bf8___RS_HL 5309.JPG,train/Soybean___healthy/e9dfdda7-6ae4-4586-a9a2-1d7414540a29___RS_HL 3704.JPG,4,0.1428108811378479,0.8652052221916672,False
Cherry_(including_sour)___healthy,Soybean___healthy,train/Cherry_(including_sour)___healthy/34e05c4f-6742-442e-884e-ef3191eb923b___JR_HL 4049.JPG,train/Soybean___healthy/e9dfdda7-6ae4-4586-a9a2-1d7414540a29___RS_HL 3704.JPG,4,0.14828459918498993,0.7731012494633079,False
"Pepper,_bell___healthy",Soybean___healthy,"train/Pepper,_bell___healthy/eaac4a8f-7e24-4bfd-96ce-52eb4339772e___JR_HL 7597.JPG",train/Soybean___healthy/eddf509b-db08-47ae-b836-ea3c35c0cd04___RS_HL 5523 1.JPG,4,0.13868379592895508,0.7750772048440306,False
"Pepper,_bell___healthy",Soybean___healthy,"train/Pepper,_bell___healthy/1fdbead6-97f6-4712-8c5e-2a1285e1e777___JR_HL 8681.JPG",train/Soybean___healthy/f0dc69f7-3e5a-4d12-a86a-2f4bbf583680___RS_HL 4054.JPG,4,0.10161101073026657,0.7232333546903832,False
Cherry_(including_sour)___healthy,Soybean___healthy,train/Cherry_(including_sour)___healthy/3465ffb4-8097-454b-a471-f572fdc1da00___JR_HL 9664.JPG,train/Soybean___healthy/f7989458-20b9-4b08-8fb1-7cf4be78dafe___RS_HL 3447.JPG,4,0.07749012857675552,0.8123950937181277,False
"Pepper,_bell___healthy",Soybean___healthy,"train/Pepper,_bell___healthy/537a12f3-7157-461c-8e15-631bc74e3b3a___JR_HL 5810.JPG",train/Soybean___healthy/f84bd9bb-e705-4781-b83c-069cfd6f139c___RS_HL 5769 1.JPG,4,0.10009106248617172,0.785510914838325,False
Raspberry___healthy,Soybean___healthy,train/Raspberry___healthy/e340b2c7-6658-482f-b424-25ef4ae877a3___Mary_HL 9242.JPG,train/Soybean___healthy/f9198ceb-ffc3-4317-85ce-42ad400d3a10___RS_HL 5368.JPG,4,0.24032898247241974,0.8257558181183007,False
Potato___Late_blight,Strawberry___Leaf_scorch,train/Potato___Late_blight/e47b3a9a-24ea-460a-8a8f-4fc9814a072e___RS_LB 3314.JPG,train/Strawberry___Leaf_scorch/1f2420de-a55f-4538-934a-ed289da7a953___RS_L.Scorch 1145.JPG,4,0.15060053765773773,0.618026776344209,False
Soybean___healthy,Strawberry___Leaf_scorch,train/Soybean___healthy/7fbacd60-2993-4658-b34b-f272d1d82ac0___RS_HL 3134.JPG,train/Strawberry___Leaf_scorch/8830892d-8a46-498a-bc52-2da674bf1288___RS_L.Scorch 1038.JPG,4,0.12380557507276535,0.7690199406426406,False
Soybean___healthy,Tomato___Bacterial_spot,train/Soybean___healthy/5a30aa37-115d-4459-b89c-2b20bf4ec17c___RS_HL 6734.JPG,train/Tomato___Bacterial_spot/2279def6-9a9e-43cd-8f35-9111fa81ab13___GCREC_Bact.Sp 5952.JPG,4,0.19111591577529907,0.8189609702506861,False
Soybean___healthy,Tomato___Bacterial_spot,train/Soybean___healthy/23c541f5-e1f9-45a4-9e05-4a4ed0609b60___RS_HL 4832.JPG,train/Tomato___Bacterial_spot/26cabbbf-57e1-42a5-9fdc-e819b4b02d39___GCREC_Bact.Sp 3437.JPG,4,0.20135357975959778,0.7807379566474799,False
Orange___Haunglongbing_(Citrus_greening),Tomato___Bacterial_spot,train/Orange___Haunglongbing_(Citrus_greening)/5f0e4204-ee8a-4ee1-a1de-8d5854c4d0a3___CREC_HLB 4436.JPG,train/Tomato___Bacterial_spot/3dbc84e0-27f1-421f-8978-82881bf846fd___GCREC_Bact.Sp 3514.JPG,4,0.08104490488767624,0.7591934055991681,False
"Pepper,_bell___healthy",Tomato___Bacterial_spot,"train/Pepper,_bell___healthy/8ba4d183-e33e-4333-b839-2626bd0f450b___JR_HL 8049.JPG",train/Tomato___Bacterial_spot/4f844956-b7ab-4a05-80cf-20ac61fa91c8___GCREC_Bact.Sp 3038.JPG,4,0.12644775211811066,0.7006011857898085,False
Grape___Esca_(Black_Measles),Tomato___Bacterial_spot,train/Grape___Esca_(Black_Measles)/ab820717-e42b-490f-aa9e-a7320d3f3727___FAM_B.Msls 1335.JPG,train/Tomato___Bacterial_spot/6d0dd572-9911-4c87-8493-7dde760c19bf___GCREC_Bact.Sp 3055.JPG,4,0.15918506681919098,0.6688086991761177,False
Soybean___healthy,Tomato___Bacterial_spot,train/Soybean___healthy/758537b1-bc0d-4c52-b723-a0d734dc594a___RS_HL 6405.JPG,train/Tomato___Bacterial_spot/89e634fd-a7e1-4e7e-8c95-cbdcd96dd381___GCREC_Bact.Sp 3721.JPG,4,0.14411340653896332,0.77917032394158,False
Raspberry___healthy,Tomato___Bacterial_spot,train/Raspberry___healthy/599c43e6-e742-4bc6-92a1-a1ebe4fa820a___Mary_HL 9158.JPG,train/Tomato___Bacterial_spot/8dfa0112-8bb4-411d-a2f2-f97f1f39df62___GCREC_Bact.Sp 5714.JPG,4,0.10182760655879974,0.7857530411531811,False
Soybean___healthy,Tomato___Bacterial_spot,train/Soybean___healthy/935369be-b082-4836-ba97-81f5f8e274b9___RS_HL 4247.JPG,train/Tomato___Bacterial_spot/8dfa0112-8bb4-411d-a2f2-f97f1f39df62___GCREC_Bact.Sp 5714.JPG,4,0.1501510590314865,0.7912243041532608,False
Soybean___healthy,Tomato___Bacterial_spot,train/Soybean___healthy/e8efa815-c8c2-4b9d-8f5d-77a9557eff85___RS_HL 4544.JPG,train/Tomato___Bacterial_spot/97f376a8-3781-4f2f-8fec-6a8150247d1e___GCREC_Bact.Sp 3387.JPG,4,0.08454293757677078,0.8349814711452861,False
Soybean___healthy,Tomato___Bacterial_spot,train/Soybean___healthy/56d484b9-e5c9-4dca-b915-316910a147d3___RS_HL 6933.JPG,train/Tomato___Bacterial_spot/a9045c2f-df74-4d31-8e2f-f3ce3d6753e2___GCREC_Bact.Sp 3026.JPG,4,0.10936407744884491,0.8151748164308,False
Soybean___healthy,Tomato___Bacterial_spot,train/Soybean___healthy/79ca5473-afda-4b69-82fc-7b031ae75b9c___RS_HL 6878.JPG,train/Tomato___Bacterial_spot/c23fe2f1-4b93-4e4e-b55e-215b4a922e5d___GCREC_Bact.Sp 5779.JPG,4,0.18219664692878723,0.6936840009616225,False
Soybean___healthy,Tomato___Bacterial_spot,train/Soybean___healthy/4bc6e11c-5f1c-4046-942c-0a39a8b28838___RS_HL 5520.JPG,train/Tomato___Bacterial_spot/e4404de4-7958-4e77-a7ed-664dd0d7f2c9___GCREC_Bact.Sp 5906.JPG,4,0.24174143373966217,0.6290523868258743,False
"Pepper,_bell___healthy",Tomato___Bacterial_spot,"train/Pepper,_bell___healthy/c013ccc6-b716-4945-b256-ca39c5e9a201___JR_HL 8842.JPG",train/Tomato___Bacterial_spot/e5ebe0ed-8be8-46c8-a209-32b00ad5f65e___GCREC_Bact.Sp 6033.JPG,4,0.15050537884235382,0.6736094275883437,False
Soybean___healthy,Tomato___Bacterial_spot,train/Soybean___healthy/e3f60d6c-9ef1-4ad5-915d-7a21e540695e___RS_HL 6023.JPG,train/Tomato___Bacterial_spot/ea5451fc-7d10-4a88-8193-cbbdb1f8f748___GCREC_Bact.Sp 3785.JPG,4,0.13632501661777496,0.6872688678149134,False
Soybean___healthy,Tomato___Bacterial_spot,train/Soybean___healthy/1f770cd9-0e55-48e7-93e5-a93144b85f1e___RS_HL 3663.JPG,train/Tomato___Bacterial_spot/f8612abc-7408-451f-b6b8-89561d679bd0___GCREC_Bact.Sp 2997.JPG,4,0.13658058643341064,0.7114706056859111,False
Soybean___healthy,Tomato___Early_blight,train/Soybean___healthy/c687d59a-328b-4a10-8287-0dd57125b409___RS_HL 4013.JPG,train/Tomato___Early_blight/7b32caa4-0d67-4b84-a1bf-cf9dffd7ffe5___RS_Erly.B 6405.JPG,4,0.2543197274208069,0.4980558048881422,False
Soybean___healthy,Tomato___Late_blight,train/Soybean___healthy/0ec04b20-0920-4d0d-aaae-aca0478fcd2e___RS_HL 5364.JPG,train/Tomato___Late_blight/82090f30-20fa-4c5e-9bcc-9cfe7d64b56a___RS_Late.B 5395.JPG,4,0.15246416628360748,0.66707751165061,False
Blueberry___healthy,Tomato___Leaf_Mold,train/Blueberry___healthy/7fe042f7-a745-4357-af74-9f48f6f6551c___RS_HL 0334.JPG,train/Tomato___Leaf_Mold/036d12b0-1e97-4975-bd80-a8a3c48588e7___Crnl_L.Mold 6500.JPG,4,0.18918846547603607,0.7125145851101723,False
Soybean___healthy,Tomato___Leaf_Mold,train/Soybean___healthy/b93e2503-cadd-4350-912f-1888f9ea99ff___RS_HL 4662.JPG,train/Tomato___Leaf_Mold/76e5026d-dc54-4129-8250-573317cc91da___Crnl_L.Mold 6700.JPG,4,0.19648124277591705,0.7368348509403482,False
Orange___Haunglongbing_(Citrus_greening),Tomato___Septoria_leaf_spot,train/Orange___Haunglongbing_(Citrus_greening)/7a4861ce-3c05-47b5-b10e-b7b4dba2b5e5___CREC_HLB 7300.JPG,train/Tomato___Septoria_leaf_spot/1a88e419-7d5c-45c7-a10f-4e1f80280cd2___Matt.S_CG 1584.JPG,4,0.14147788286209106,0.6807087145198549,False
Soybean___healthy,Tomato___Septoria_leaf_spot,train/Soybean___healthy/4bf93fae-8468-4214-a855-e71c9de50c4e___RS_HL 3773.JPG,train/Tomato___Septoria_leaf_spot/2f4afdee-f957-400f-8515-4ea92173d00d___Matt.S_CG 0667.JPG,4,0.1861989051103592,0.8112774651419709,False
Soybean___healthy,Tomato___Septoria_leaf_spot,train/Soybean___healthy/ca9ed23b-87b3-4ed8-bb7c-4c7a337c2980___RS_HL 5013.JPG,train/Tomato___Septoria_leaf_spot/90e53552-bfd0-4780-898c-1df4f15d4376___Matt.S_CG 6008.JPG,4,0.1277407705783844,0.6551417918333193,False
Soybean___healthy,Tomato___Septoria_leaf_spot,train/Soybean___healthy/bb171f67-77ec-4025-9ff3-ea5b66be396b___RS_HL 6945.JPG,train/Tomato___Septoria_leaf_spot/b12f3967-aa7e-4c0a-bb81-9b96a3e6587d___Matt.S_CG 1249.JPG,4,0.10421489924192429,0.786605424706959,False
Soybean___healthy,Tomato___Septoria_leaf_spot,train/Soybean___healthy/4899b1af-5a75-4ce5-925c-2df637cac1f1___RS_HL 3006.JPG,train/Tomato___Septoria_leaf_spot/f8f528ee-f9c3-47cb-b67f-a9265d86d9d1___Matt.S_CG 1446.JPG,4,0.12554168701171875,0.7475369437813488,False
Blueberry___healthy,Tomato___Spider_mites Two-spotted_spider_mite,train/Blueberry___healthy/de2ad47e-a619-4fce-aeed-074dc4c359f3___RS_HL 2460.JPG,train/Tomato___Spider_mites Two-spotted_spider_mite/3753178e-eee8-405a-93b3-8f34728d7210___Com.G_SpM_FL 9410.JPG,4,0.21956147253513336,0.7754020191496251,False
Tomato___Septoria_leaf_spot,Tomato___Spider_mites Two-spotted_spider_mite,train/Tomato___Septoria_leaf_spot/648d66b5-7f12-4baa-beba-4938ede59013___JR_Sept.L.S 2625.JPG,train/Tomato___Spider_mites Two-spotted_spider_mite/646aa524-ba89-4228-bd91-16d693ff1283___Com.G_SpM_FL 8835.JPG,4,0.16585363447666168,0.5505314807434435,False
Tomato___Spider_mites Two-spotted_spider_mite,Tomato___Target_Spot,train/Tomato___Spider_mites Two-spotted_spider_mite/db678f0b-cd38-408c-9029-33296dcd568d___Com.G_SpM_FL 8522.JPG,train/Tomato___Target_Spot/1dcaf64c-19e6-4854-8d99-53c30dbefcef___Com.G_TgS_FL 0999.JPG,4,0.10627751797437668,0.7231886960572517,False
Tomato___Bacterial_spot,Tomato___Tomato_Yellow_Leaf_Curl_Virus,train/Tomato___Bacterial_spot/5d1f3889-f029-4ebd-834d-9e39d775b070___GCREC_Bact.Sp 5996.JPG,train/Tomato___Tomato_Yellow_Leaf_Curl_Virus/6c74c99f-0377-4870-ac98-c1ad619d8a7a___YLCV_GCREC 2623.JPG,4,0.06422107666730881,0.8400585354589702,False
Blueberry___healthy,Tomato___Tomato_mosaic_virus,train/Blueberry___healthy/e1bba6b4-45e5-4d1f-b58f-01ef97525cc6___RS_HL 2324.JPG,train/Tomato___Tomato_mosaic_virus/14c21616-aa9e-4d85-8aff-bdf7f4cf3720___PSU_CG 2079.JPG,4,0.1782570630311966,0.6551998965467339,False
Soybean___healthy,Apple___healthy,train/Soybean___healthy/482bb92a-9b28-4707-a266-a3fcccd0ae8c___RS_HL 5187.JPG,val/Apple___healthy/f85fb3d4-c93d-4ef3-8ff2-47171f8aea77___RS_HL 6132.JPG,4,0.18200741708278656,0.799420221070001,False
Tomato___Spider_mites Two-spotted_spider_mite,Blueberry___healthy,train/Tomato___Spider_mites Two-spotted_spider_mite/b1cb2b7a-afaf-4876-8fc0-25e9dce591a8___Com.G_SpM_FL 9264.JPG,val/Blueberry___healthy/8be42030-1507-42f3-a15c-7f4058233a54___RS_HL 2406.JPG,4,0.1850978136062622,0.7312404534764866,False
Soybean___healthy,Blueberry___healthy,train/Soybean___healthy/e3b30628-2269-44c7-b2fc-43bd425a4991___RS_HL 4933.JPG,val/Blueberry___healthy/9ad3dc77-5b0d-4c5e-a6a1-bc016b7dae36___RS_HL 0381.JPG,4,0.10640488564968109,0.8519251629174375,False
Apple___healthy,Cherry_(including_sour)___healthy,train/Apple___healthy/5941b857-a525-4aff-ba20-def608d63c4d___RS_HL 6119.JPG,val/Cherry_(including_sour)___healthy/162dc895-00e6-4f02-ab49-a7030ec8984d___JR_HL 9445.JPG,4,0.2676903307437897,0.7876881282392237,False
Soybean___healthy,Cherry_(including_sour)___healthy,train/Soybean___healthy/369b2555-d3f0-45db-a85c-728de7bbd02e___RS_HL 3531.JPG,val/Cherry_(including_sour)___healthy/24695149-1c3d-406e-8468-086d5020a7a5___JR_HL 4282.JPG,4,0.13056547939777374,0.7823005412868608,False
Soybean___healthy,Cherry_(including_sour)___healthy,train/Soybean___healthy/ae6fda7d-157f-4d4e-bdd5-317847598b88___RS_HL 3708.JPG,val/Cherry_(including_sour)___healthy/6252a6cd-23cf-495c-b452-518100eb243c___JR_HL 4155.JPG,2,0.14605163037776947,0.6546180412899578,False
Soybean___healthy,Cherry_(including_sour)___healthy,train/Soybean___healthy/a0aabeb9-a3b2-4e85-bf3f-9d9892d4c895___RS_HL 4375.JPG,val/Cherry_(including_sour)___healthy/791a7d36-49d2-4b61-8fc9-bfab404a9124___JR_HL 9456.JPG,4,0.10895274579524994,0.8606132890992054,False
Soybean___healthy,Cherry_(including_sour)___healthy,train/Soybean___healthy/a45a59c9-cf6a-4614-8fa4-c59d9e95804f___RS_HL 3950.JPG,val/Cherry_(including_sour)___healthy/dbe15479-6802-4e83-850a-fff7900e0e3d___JR_HL 9854.JPG,4,0.07418754696846008,0.8499621859060023,False
"Pepper,_bell___healthy",Grape___Esca_(Black_Measles),"train/Pepper,_bell___healthy/4cff9a88-e36d-4c5a-aa11-9812ef5b063a___JR_HL 5940.JPG",val/Grape___Esca_(Black_Measles)/a75e0225-d002-4491-a20b-437970b49e19___FAM_B.Msls 1157.JPG,4,0.1650058627128601,0.5956970268511653,False
Soybean___healthy,Orange___Haunglongbing_(Citrus_greening),train/Soybean___healthy/5bd50611-7796-43ce-85a1-9b83c266f1a8___RS_HL 6685.JPG,val/Orange___Haunglongbing_(Citrus_greening)/28d1aad1-2eed-4a86-970a-aa0f19b96297___CREC_HLB 5128.JPG,4,0.11633151024580002,0.7039871933348893,False
Soybean___healthy,Orange___Haunglongbing_(Citrus_greening),train/Soybean___healthy/a3dc30fb-6224-45e9-a31f-92b767761c5e___RS_HL 3109.JPG,val/Orange___Haunglongbing_(Citrus_greening)/2ad33bef-7d92-4375-8457-17d94ac94f8d___CREC_HLB 7151.JPG,4,0.2400892823934555,0.6555661050853422,False
Potato___Late_blight,Orange___Haunglongbing_(Citrus_greening),train/Potato___Late_blight/cd38f533-9b7d-4afd-bbd9-9ee5ab2aa3e8___RS_LB 2680.JPG,val/Orange___Haunglongbing_(Citrus_greening)/3a01cf46-8473-4aca-a46b-8934b84610cd___CREC_HLB 7278.JPG,4,0.12143658101558685,0.6663684406894789,False
Soybean___healthy,Orange___Haunglongbing_(Citrus_greening),train/Soybean___healthy/02f3a559-6f7c-43d4-bd61-23951756f43e___RS_HL 5805 1.JPG,val/Orange___Haunglongbing_(Citrus_greening)/ef9142a7-a600-4541-a533-0d7069414c8f___CREC_HLB 5338.JPG,4,0.20786581933498383,0.8339100477451609,False
Soybean___healthy,"Pepper,_bell___Bacterial_spot",train/Soybean___healthy/0f04ef1e-2a20-4986-9530-40707c70b708___RS_HL 7145.JPG,"val/Pepper,_bell___Bacterial_spot/656dbf3a-3aee-46a5-80b9-a86953fc82c5___JR_B.Spot 8879.JPG",4,0.1414625495672226,0.6259110164207664,False
Soybean___healthy,"Pepper,_bell___Bacterial_spot",train/Soybean___healthy/c763b13c-dadc-42f3-a2af-fe2cc2d95597___RS_HL 3522.JPG,"val/Pepper,_bell___Bacterial_spot/656dbf3a-3aee-46a5-80b9-a86953fc82c5___JR_B.Spot 8879.JPG",4,0.1727656126022339,0.6787144245652468,False
Soybean___healthy,"Pepper,_bell___Bacterial_spot",train/Soybean___healthy/1ef4622e-0090-4db1-970c-9ed148496d90___RS_HL 3333.JPG,"val/Pepper,_bell___Bacterial_spot/65c3a8f9-9631-4b86-9ae3-28116c869247___JR_B.Spot 9005.JPG",4,0.1403634399175644,0.7469735253024513,False
Tomato___Bacterial_spot,"Pepper,_bell___healthy",train/Tomato___Bacterial_spot/b16f21dc-39eb-45b5-a588-da778fa9ac44___GCREC_Bact.Sp 6351.JPG,"val/Pepper,_bell___healthy/0b796b7a-dfc8-47f7-9970-8373263c6408___JR_HL 5948.JPG",4,0.21360662579536438,0.7270750465119019,False
Soybean___healthy,"Pepper,_bell___healthy",train/Soybean___healthy/44e51128-5171-47a0-b35c-990dd46904be___RS_HL 4750.JPG,"val/Pepper,_bell___healthy/71c6e89b-d7df-4ae7-87ff-d58fcef032a8___JR_HL 5836.JPG",4,0.11220582574605942,0.7749813224874643,False
Soybean___healthy,"Pepper,_bell___healthy",train/Soybean___healthy/193860b3-c9cd-40b9-ae1a-bd42277fca38___RS_HL 4637.JPG,"val/Pepper,_bell___healthy/92688273-9135-48c4-82b1-f4e0a32fafe1___JR_HL 5848.JPG",4,0.11979562789201736,0.7807766629099856,False
Soybean___healthy,"Pepper,_bell___healthy",train/Soybean___healthy/24f7182e-4bc8-4217-928d-83cc78bd6acb___RS_HL 3379.JPG,"val/Pepper,_bell___healthy/92688273-9135-48c4-82b1-f4e0a32fafe1___JR_HL 5848.JPG",4,0.1157238557934761,0.8026599368672284,False
Soybean___healthy,"Pepper,_bell___healthy",train/Soybean___healthy/6932f8af-9d7f-4d90-a38f-7b28cbbb7d1d___RS_HL 4358.JPG,"val/Pepper,_bell___healthy/92688273-9135-48c4-82b1-f4e0a32fafe1___JR_HL 5848.JPG",4,0.0941915512084961,0.795646721779229,False
Soybean___healthy,Potato___Late_blight,train/Soybean___healthy/8c9a3b00-bdaa-4e90-969f-0675c597a71a___RS_HL 3456.JPG,val/Potato___Late_blight/8cd26c99-237b-4910-98ae-3e930c760f56___RS_LB 4061.JPG,4,0.18233507871627808,0.7765164554055175,False
Soybean___healthy,Raspberry___healthy,train/Soybean___healthy/f3e61ff2-2d28-418c-aef2-cc5362eaaa57___RS_HL 5162.JPG,val/Raspberry___healthy/368f3c83-5bd2-4906-b418-57b6ceff9bfe___Mary_HL 9160.JPG,4,0.12541897594928741,0.8492080258756558,False
Soybean___healthy,Raspberry___healthy,train/Soybean___healthy/124c32b3-6a2e-4e8c-b16f-55d4d5773cb6___RS_HL 3288.JPG,val/Raspberry___healthy/3d9757e9-7753-4d8c-8c60-d78f4522b021___Mary_HL 6352.JPG,4,0.08808749914169312,0.8380792288254222,False
Soybean___healthy,Raspberry___healthy,train/Soybean___healthy/3be6d998-2505-42fe-be85-23feb7e22f3e___RS_HL 5094.JPG,val/Raspberry___healthy/3d9757e9-7753-4d8c-8c60-d78f4522b021___Mary_HL 6352.JPG,4,0.12645697593688965,0.8498376150165061,False
Soybean___healthy,Raspberry___healthy,train/Soybean___healthy/4b322233-469e-4595-b024-2fddb3905150___RS_HL 3090.JPG,val/Raspberry___healthy/3d9757e9-7753-4d8c-8c60-d78f4522b021___Mary_HL 6352.JPG,4,0.2595120072364807,0.8091452842113487,False
Soybean___healthy,Raspberry___healthy,train/Soybean___healthy/7ca2e5e5-92d1-4692-a9d7-924a3791ed61___RS_HL 3452.JPG,val/Raspberry___healthy/3d9757e9-7753-4d8c-8c60-d78f4522b021___Mary_HL 6352.JPG,4,0.13946914672851562,0.7457020982668457,False
Soybean___healthy,Raspberry___healthy,train/Soybean___healthy/d52c7953-d971-4e49-9ff6-5f3721da8a77___RS_HL 5401.JPG,val/Raspberry___healthy/3d9757e9-7753-4d8c-8c60-d78f4522b021___Mary_HL 6352.JPG,4,0.11736508458852768,0.8099910613853344,False
Soybean___healthy,Raspberry___healthy,train/Soybean___healthy/94667f5e-1d79-4406-b41a-b64d3cfb0ff8___RS_HL 5586 1.JPG,val/Raspberry___healthy/4cc1078f-0752-4e3c-bfa0-ed787c1631a4___Mary_HL 6351.JPG,4,0.08902178704738617,0.8506533008536622,False
Soybean___healthy,Raspberry___healthy,train/Soybean___healthy/cd5fbde6-c830-4cb6-a90a-761bf6520013___RS_HL 5612 1.JPG,val/Raspberry___healthy/4f308cb4-ee22-4e5a-a276-71e3c095eb2d___Mary_HL 9348.JPG,4,0.16880573332309723,0.7336694049325558,False
Soybean___healthy,Raspberry___healthy,train/Soybean___healthy/16d43818-4404-4882-87b2-583bcf0a799d___RS_HL 4285.JPG,val/Raspberry___healthy/6c2e049f-38c9-42c5-864f-613e6e12d59e___Mary_HL 6318.JPG,4,0.09002501517534256,0.8299215315611554,False
Soybean___healthy,Raspberry___healthy,train/Soybean___healthy/8709eeaf-2d9f-413b-a40f-ca5ed88e2b74___RS_HL 4997.JPG,val/Raspberry___healthy/6c2e049f-38c9-42c5-864f-613e6e12d59e___Mary_HL 6318.JPG,4,0.10598546266555786,0.7954139983596801,False
Soybean___healthy,Raspberry___healthy,train/Soybean___healthy/8807e5ea-3854-4f19-bfa3-99b83f0d7a0f___RS_HL 5035.JPG,val/Raspberry___healthy/6c2e049f-38c9-42c5-864f-613e6e12d59e___Mary_HL 6318.JPG,2,0.1350424885749817,0.8294949705684407,False
Soybean___healthy,Raspberry___healthy,train/Soybean___healthy/a7da66ee-5bb5-4227-a962-61f6bd913005___RS_HL 3771.JPG,val/Raspberry___healthy/7fdeb60a-15db-4759-858a-e1118bad583a___Mary_HL 9194.JPG,4,0.19098412990570068,0.7258661488690159,False
Soybean___healthy,Raspberry___healthy,train/Soybean___healthy/84e457cc-02e8-45f2-be2d-5e412315ade8___RS_HL 5476.JPG,val/Raspberry___healthy/895bd284-30aa-4d2b-a5a8-1a021fd4e96f___Mary_HL 6328.JPG,4,0.11729259788990021,0.7972620091136096,False
Soybean___healthy,Raspberry___healthy,train/Soybean___healthy/96ed0cac-7163-49ef-a9b0-26bda3a71ad0___RS_HL 5458.JPG,val/Raspberry___healthy/a23af825-fd84-4605-bba9-2560a70c576f___Mary_HL 6371.JPG,4,0.20328810811042786,0.7826372544702692,False
Soybean___healthy,Raspberry___healthy,train/Soybean___healthy/e88127ad-b59d-44d4-a1bc-3bccbe12bc8d___RS_HL 3979.JPG,val/Raspberry___healthy/a23af825-fd84-4605-bba9-2560a70c576f___Mary_HL 6371.JPG,4,0.14243727922439575,0.7183833661652781,False
Soybean___healthy,Raspberry___healthy,train/Soybean___healthy/d7908cc7-6551-4892-be01-7dd4d4f7f7b2___RS_HL 3534.JPG,val/Raspberry___healthy/a37f34f7-022d-461a-8a3d-95f5cd774e35___Mary_HL 9155.JPG,4,0.11295133084058762,0.8253830795533736,False
"Pepper,_bell___Bacterial_spot",Raspberry___healthy,"val/Pepper,_bell___Bacterial_spot/712327ce-f01f-4398-802d-22af911de777___JR_B.Spot 9078.JPG",val/Raspberry___healthy/c4893608-2543-4f6c-887a-be45f12c5bef___Mary_HL 9206.JPG,4,0.09649529308080673,0.7294108851548919,False
Soybean___healthy,Raspberry___healthy,train/Soybean___healthy/71f9ea00-e509-4980-bba5-33f1b83575f9___RS_HL 4969.JPG,val/Raspberry___healthy/fa3964a3-4eb8-49c8-b62c-b57e3d121996___Mary_HL 9162.JPG,4,0.22266575694084167,0.7875061769123286,False
Soybean___healthy,Raspberry___healthy,train/Soybean___healthy/b7174c7a-1316-4850-92b5-a55fc8cd84bb___RS_HL 3670.JPG,val/Raspberry___healthy/fa3964a3-4eb8-49c8-b62c-b57e3d121996___Mary_HL 9162.JPG,4,0.20388582348823547,0.7689466441180106,False
Orange___Haunglongbing_(Citrus_greening),Soybean___healthy,train/Orange___Haunglongbing_(Citrus_greening)/e5e2cdea-35bb-4833-a48a-88bfdf0e9ab0___CREC_HLB 7571.JPG,val/Soybean___healthy/09273d3a-d9a2-4983-93ba-6aa9d9b14bca___RS_HL 5131.JPG,4,0.20254375040531158,0.8373754535846297,False
Tomato___Bacterial_spot,Soybean___healthy,train/Tomato___Bacterial_spot/2cc65e15-e2ac-4a59-be59-ea7882d51638___GCREC_Bact.Sp 6018.JPG,val/Soybean___healthy/09273d3a-d9a2-4983-93ba-6aa9d9b14bca___RS_HL 5131.JPG,4,0.17698915302753448,0.7855456073691275,False
Raspberry___healthy,Soybean___healthy,train/Raspberry___healthy/de3b86c7-8f0b-4cd8-ab11-2450fff0ec52___Mary_HL 9154.JPG,val/Soybean___healthy/171ad2bd-ea4c-424c-acc4-643465a4d7cd___RS_HL 4995.JPG,4,0.11225801706314087,0.8356436031345696,False
Tomato___Bacterial_spot,Soybean___healthy,train/Tomato___Bacterial_spot/55dae2a7-f763-4fc0-be79-d658090aab1d___GCREC_Bact.Sp 5698.JPG,val/Soybean___healthy/1ba63a9d-673b-47f1-8440-a03fa8bd2332___RS_HL 4501.JPG,4,0.1419524848461151,0.8127395304434265,False
Tomato___Septoria_leaf_spot,Soybean___healthy,train/Tomato___Septoria_leaf_spot/f8f528ee-f9c3-47cb-b67f-a9265d86d9d1___Matt.S_CG 1446.JPG,val/Soybean___healthy/1ba63a9d-673b-47f1-8440-a03fa8bd2332___RS_HL 4501.JPG,4,0.10245296359062195,0.812058897823247,False
"Pepper,_bell___healthy",Soybean___healthy,"train/Pepper,_bell___healthy/5ff1097d-5e9e-40bc-8987-ccf15d465d77___JR_HL 8081.JPG",val/Soybean___healthy/1cc9ab48-9009-418e-9b22-a2d9384cf1ce___RS_HL 6111.JPG,4,0.1335391402244568,0.6957159281807214,False
Raspberry___healthy,Soybean___healthy,train/Raspberry___healthy/a8bea1f3-eff7-4819-b0a8-72259d864518___Mary_HL 6376.JPG,val/Soybean___healthy/1de56755-4034-4806-8d54-907c3076757a___RS_HL 4361.JPG,4,0.13197734951972961,0.7053462910381882,False
Raspberry___healthy,Soybean___healthy,val/Raspberry___healthy/5cb1014e-dd7c-4d7b-8e8f-23326179dc23___Mary_HL 6383.JPG,val/Soybean___healthy/1de56755-4034-4806-8d54-907c3076757a___RS_HL 4361.JPG,4,0.1005975753068924,0.870088702950026,False
Raspberry___healthy,Soybean___healthy,train/Raspberry___healthy/c73d5925-2835-49f3-8c62-8cc37f608ad0___Mary_HL 6313.JPG,val/Soybean___healthy/1f15bd54-6576-4521-98f6-a12b8bd1c4e6___RS_HL 4585.JPG,4,0.12548111379146576,0.7683044455013465,False
Apple___healthy,Soybean___healthy,train/Apple___healthy/14896dc0-688d-456f-b5ec-a037695b0193___RS_HL 6268.JPG,val/Soybean___healthy/242b3ada-7462-4ed7-a00e-b15af0bd6950___RS_HL 3324.JPG,4,0.09495336562395096,0.8573349227628221,False
Apple___healthy,Soybean___healthy,train/Apple___healthy/c21cf428-bfc3-4710-b5d2-69d1c0e94748___RS_HL 6268.JPG,val/Soybean___healthy/242b3ada-7462-4ed7-a00e-b15af0bd6950___RS_HL 3324.JPG,4,0.09495336562395096,0.8573349227628221,False
Tomato___Target_Spot,Soybean___healthy,train/Tomato___Target_Spot/371b7ff8-6031-437b-b0c5-5fc10e2317d1___Com.G_TgS_FL 9944.JPG,val/Soybean___healthy/2eca2419-df11-4533-ada7-f1eab3d83cba___RS_HL 3359.JPG,4,0.09090782701969147,0.7363621137976605,False
Orange___Haunglongbing_(Citrus_greening),Soybean___healthy,train/Orange___Haunglongbing_(Citrus_greening)/1018497f-4630-4491-88d2-666d45d37647___CREC_HLB 5268.JPG,val/Soybean___healthy/2f7a95bf-abd1-4589-bff9-84fa23297705___RS_HL 4730.JPG,4,0.21172741055488586,0.8188609049516193,False
Raspberry___healthy,Soybean___healthy,val/Raspberry___healthy/3d9757e9-7753-4d8c-8c60-d78f4522b021___Mary_HL 6352.JPG,val/Soybean___healthy/4e548c3e-2e6f-4625-971b-5955b8ee836e___RS_HL 3549.JPG,4,0.19405241310596466,0.7983167622977821,False
"Pepper,_bell___Bacterial_spot",Soybean___healthy,"train/Pepper,_bell___Bacterial_spot/02baf62e-11e2-4dde-97fb-e369b57d55d3___JR_B.Spot 8971.JPG",val/Soybean___healthy/659a7b4e-cd46-48f8-8be0-5804652808f6___RS_HL 4076.JPG,4,0.09805737435817719,0.7850540941512274,False
Orange___Haunglongbing_(Citrus_greening),Soybean___healthy,train/Orange___Haunglongbing_(Citrus_greening)/5fb6714a-7725-44a3-b1c2-1d59aa2e7d92___CREC_HLB 5567.JPG,val/Soybean___healthy/66470940-d138-4a1c-8c96-0fcd0b6a6f7f___RS_HL 6346.JPG,4,0.17628349363803864,0.80297847469308,False
Orange___Haunglongbing_(Citrus_greening),Soybean___healthy,val/Orange___Haunglongbing_(Citrus_greening)/ef9142a7-a600-4541-a533-0d7069414c8f___CREC_HLB 5338.JPG,val/Soybean___healthy/66470940-d138-4a1c-8c96-0fcd0b6a6f7f___RS_HL 6346.JPG,4,0.17596904933452606,0.709593705656008,False
Potato___Late_blight,Soybean___healthy,train/Potato___Late_blight/37ac120b-240a-42fc-839c-90c6dea13d85___RS_LB 5214.JPG,val/Soybean___healthy/68947ab4-60ac-4261-b1c9-42644c8a78d5___RS_HL 4193.JPG,4,0.18629635870456696,0.7064157571879881,False
"Pepper,_bell___healthy",Soybean___healthy,"train/Pepper,_bell___healthy/5bb2ecb4-acf6-464c-a62e-c76a110fe22c___JR_HL 8890.JPG",val/Soybean___healthy/6f8693a0-9f00-4c8d-b57b-217dac181680___RS_HL 5860.JPG,4,0.10573498159646988,0.6719536623348913,False
"Pepper,_bell___Bacterial_spot",Soybean___healthy,"val/Pepper,_bell___Bacterial_spot/65c3a8f9-9631-4b86-9ae3-28116c869247___JR_B.Spot 9005.JPG",val/Soybean___healthy/7bc65ae7-0a4d-4369-8335-3737a5441bfa___RS_HL 4640.JPG,4,0.12009180337190628,0.7552119286361073,False
Cherry_(including_sour)___healthy,Soybean___healthy,train/Cherry_(including_sour)___healthy/c4ef4ce3-b528-4cd8-8042-f23a980990c9___JR_HL 9668.JPG,val/Soybean___healthy/7ef88af3-838e-413e-9028-5e83e34856a6___RS_HL 3305.JPG,4,0.07981913536787033,0.8086162994906744,False
"Pepper,_bell___healthy",Soybean___healthy,"train/Pepper,_bell___healthy/f17c87e8-fd78-48a9-8501-1b6283b14c3c___JR_HL 5841.JPG",val/Soybean___healthy/89825f00-f926-4244-96e8-bdcd9dcf2603___RS_HL 5231.JPG,4,0.09160681068897247,0.7746587926907273,False
Raspberry___healthy,Soybean___healthy,train/Raspberry___healthy/2acf2191-96db-4afa-bcdf-77590e0b7428___Mary_HL 6233.JPG,val/Soybean___healthy/8a9075ee-ed68-48a9-9b09-223fcd0c0b13___RS_HL 4453.JPG,4,0.09407778829336166,0.8051598244893204,False
Raspberry___healthy,Soybean___healthy,train/Raspberry___healthy/9f63daed-c468-4783-94c9-c703187a37ad___Mary_HL 6303.JPG,val/Soybean___healthy/8a9075ee-ed68-48a9-9b09-223fcd0c0b13___RS_HL 4453.JPG,4,0.11551465094089508,0.7700170750198847,False
Tomato___Leaf_Mold,Soybean___healthy,train/Tomato___Leaf_Mold/9c42ac1e-d48f-4644-bf35-a9b0478330e2___Crnl_L.Mold 6709.JPG,val/Soybean___healthy/8c0105b6-f801-40d5-acab-c769f4c51d9a___RS_HL 4845.JPG,4,0.12087744474411011,0.7018812946638843,False
Orange___Haunglongbing_(Citrus_greening),Soybean___healthy,train/Orange___Haunglongbing_(Citrus_greening)/b0d0b4b7-5bf4-4638-9786-a67d98cceab8___CREC_HLB 6898.JPG,val/Soybean___healthy/9664f7f6-4780-467e-8368-62dd94313ac8___RS_HL 4213.JPG,4,0.1901051551103592,0.8234217533569471,False
Tomato___Septoria_leaf_spot,Soybean___healthy,train/Tomato___Septoria_leaf_spot/b12f3967-aa7e-4c0a-bb81-9b96a3e6587d___Matt.S_CG 1249.JPG,val/Soybean___healthy/9664f7f6-4780-467e-8368-62dd94313ac8___RS_HL 4213.JPG,4,0.16811540722846985,0.820629826156604,False
"Pepper,_bell___Bacterial_spot",Soybean___healthy,"val/Pepper,_bell___Bacterial_spot/94f00ecd-184d-40ee-a7e9-d6feb19402cb___JR_B.Spot 8957.JPG",val/Soybean___healthy/9664f7f6-4780-467e-8368-62dd94313ac8___RS_HL 4213.JPG,4,0.11195052415132523,0.7755465629276346,False
Raspberry___healthy,Soybean___healthy,train/Raspberry___healthy/fbe55704-4329-4dd5-a336-9e315186e497___Mary_HL 6321.JPG,val/Soybean___healthy/97bafb3d-5b02-4bfe-8811-209a6c0b7310___RS_HL 4298.JPG,4,0.0943770781159401,0.7461643296143115,False
Tomato___Tomato_Yellow_Leaf_Curl_Virus,Soybean___healthy,train/Tomato___Tomato_Yellow_Leaf_Curl_Virus/dd14aa89-ee18-48e2-adcf-4f82777db8da___YLCV_GCREC 2770.JPG,val/Soybean___healthy/a3f6f5e5-87d5-4b45-bd65-be37ae714648___RS_HL 7370.JPG,4,0.1305629312992096,0.7973857138791166,False
Raspberry___healthy,Soybean___healthy,train/Raspberry___healthy/63423c9f-f5c7-4d38-be89-391cbc9ecab9___Mary_HL 6231.JPG,val/Soybean___healthy/aec7d915-84c5-401f-89c7-d84fe7855622___RS_HL 4440.JPG,4,0.17206266522407532,0.8078661528780029,False
"Pepper,_bell___healthy",Soybean___healthy,"train/Pepper,_bell___healthy/9b9bf01f-e632-4bc9-a903-ba708b15d876___JR_HL 7617.JPG",val/Soybean___healthy/b160c9b7-b174-456b-a15e-ef0b0c766c05___RS_HL 6690.JPG,4,0.10478325188159943,0.7560213965388307,False
Raspberry___healthy,Soybean___healthy,val/Raspberry___healthy/3d9757e9-7753-4d8c-8c60-d78f4522b021___Mary_HL 6352.JPG,val/Soybean___healthy/b4f30be3-8f14-4138-8b06-9beb44b20c62___RS_HL 3764.JPG,4,0.16903211176395416,0.7585547176745783,False
Cherry_(including_sour)___healthy,Soybean___healthy,train/Cherry_(including_sour)___healthy/3cc559d9-c8f0-4f5f-8899-1a9ea5f01b8c___JR_HL 9483.JPG,val/Soybean___healthy/b655feb9-1e92-4f08-bfe1-a78dee213669___RS_HL 3082.JPG,4,0.10775023698806763,0.8352830199490288,False
Apple___healthy,Soybean___healthy,train/Apple___healthy/445d268a-415e-41d4-80de-0116fdaca73d___RS_HL 5982.JPG,val/Soybean___healthy/babe8aca-1308-42eb-942f-1aafcdfb6570___RS_HL 4860.JPG,4,0.13115057349205017,0.7950422966340189,False
Raspberry___healthy,Soybean___healthy,train/Raspberry___healthy/fc261eca-1110-4cd3-ae1b-a969680c9550___Mary_HL 6379.JPG,val/Soybean___healthy/be83942e-ce05-42ad-8e87-ff3c85b53f33___RS_HL 5442.JPG,4,0.11342252790927887,0.7763491323982769,False
Cherry_(including_sour)___healthy,Soybean___healthy,train/Cherry_(including_sour)___healthy/c4ef4ce3-b528-4cd8-8042-f23a980990c9___JR_HL 9668.JPG,val/Soybean___healthy/c181432c-ea5c-484f-ab1c-21b4d27cbbfb___RS_HL 3961.JPG,4,0.09342490136623383,0.7693676273897169,False
"Pepper,_bell___healthy",Soybean___healthy,"train/Pepper,_bell___healthy/f47373b3-ed1e-42b0-988b-b2724cc89782___JR_HL 5903.JPG",val/Soybean___healthy/c20faf5e-7487-4a7f-9579-767b9ade0164___RS_HL 4232.JPG,4,0.09711755067110062,0.7978934894223755,False
Raspberry___healthy,Soybean___healthy,train/Raspberry___healthy/4c3285d2-1ba0-4147-afd9-1869ee19ec4c___Mary_HL 6229.JPG,val/Soybean___healthy/c4ac992c-9d87-4637-b683-472967805c81___RS_HL 2778.JPG,4,0.11544628441333771,0.7930715031448939,False
Raspberry___healthy,Soybean___healthy,train/Raspberry___healthy/3368e77a-9245-4e4f-89ee-41968b060e56___Mary_HL 6251.JPG,val/Soybean___healthy/c55c20a5-c529-43af-949e-cfaad2377481___RS_HL 5454.JPG,4,0.09244167059659958,0.8013327519750784,False
Tomato___Bacterial_spot,Soybean___healthy,train/Tomato___Bacterial_spot/f8612abc-7408-451f-b6b8-89561d679bd0___GCREC_Bact.Sp 2997.JPG,val/Soybean___healthy/c55c20a5-c529-43af-949e-cfaad2377481___RS_HL 5454.JPG,4,0.1533483862876892,0.7492368206638421,False
Raspberry___healthy,Soybean___healthy,train/Raspberry___healthy/9b55c870-8479-4d3a-9c71-07c828de6f18___Mary_HL 6357.JPG,val/Soybean___healthy/cf57bc73-b087-475f-a5a4-abd3f18d8bea___RS_HL 5185.JPG,4,0.10762881487607956,0.8538469163445619,False
Raspberry___healthy,Soybean___healthy,train/Raspberry___healthy/2acf2191-96db-4afa-bcdf-77590e0b7428___Mary_HL 6233.JPG,val/Soybean___healthy/cf9ea9fa-b6c6-412a-9b65-eac52390b5ce___RS_HL 4612.JPG,4,0.11996641010046005,0.8352879483612288,False
Raspberry___healthy,Soybean___healthy,train/Raspberry___healthy/68c91797-4323-4a34-a203-8393cdf3889b___Mary_HL 9143.JPG,val/Soybean___healthy/d0e3c820-9795-4fb8-b0d0-136176a7c7f5___RS_HL 6554.JPG,4,0.15142790973186493,0.7449245814284723,False
"Pepper,_bell___healthy",Soybean___healthy,"train/Pepper,_bell___healthy/f47373b3-ed1e-42b0-988b-b2724cc89782___JR_HL 5903.JPG",val/Soybean___healthy/eb53cf09-386e-4837-ba77-dae9c97e494b___RS_HL 5373.JPG,4,0.09269940108060837,0.8009890447947536,False
Raspberry___healthy,Soybean___healthy,train/Raspberry___healthy/5829c049-aa10-494a-9663-8ce0677e64f7___Mary_HL 6330.JPG,val/Soybean___healthy/eb53cf09-386e-4837-ba77-dae9c97e494b___RS_HL 5373.JPG,4,0.08049995452165604,0.8427235455419371,False
Raspberry___healthy,Soybean___healthy,train/Raspberry___healthy/fe1c1683-06cc-49c5-b86a-a41fb36f058b___Mary_HL 6249.JPG,val/Soybean___healthy/eb53cf09-386e-4837-ba77-dae9c97e494b___RS_HL 5373.JPG,4,0.08349176496267319,0.8417221733672419,False
Raspberry___healthy,Soybean___healthy,val/Raspberry___healthy/3d9757e9-7753-4d8c-8c60-d78f4522b021___Mary_HL 6352.JPG,val/Soybean___healthy/edd05ee9-bfe5-4c78-8c3d-025c4c56ed51___RS_HL 4805.JPG,4,0.09617757797241211,0.8461572409956051,False
"Pepper,_bell___healthy",Soybean___healthy,"val/Pepper,_bell___healthy/035746b5-cbe6-4e5d-9c3a-4bfc5c6cf5a1___JR_HL 7728.JPG",val/Soybean___healthy/f9cb2f36-523d-4061-94e3-0b385f77c1ac___RS_HL 2715.JPG,4,0.1598636507987976,0.7659272853927258,False
Soybean___healthy,Tomato___Bacterial_spot,train/Soybean___healthy/786114a4-9693-4319-a3ae-c3a3a971ef6e___RS_HL 4523.JPG,val/Tomato___Bacterial_spot/122e4db5-bfc6-44b2-b7c5-bf05d040ca79___GCREC_Bact.Sp 5782.JPG,4,0.11488829553127289,0.8524254624466535,False
Soybean___healthy,Tomato___Bacterial_spot,train/Soybean___healthy/c9c15de6-3408-4fd9-ab64-1144ca6d6603___RS_HL 5022.JPG,val/Tomato___Bacterial_spot/122e4db5-bfc6-44b2-b7c5-bf05d040ca79___GCREC_Bact.Sp 5782.JPG,4,0.22420981526374817,0.7329258951702535,False
Soybean___healthy,Tomato___Bacterial_spot,train/Soybean___healthy/a908266b-af75-40a2-9d78-986c9b8f7d70___RS_HL 6139.JPG,val/Tomato___Bacterial_spot/42aa518f-8005-40bc-9728-a990743c2d5e___GCREC_Bact.Sp 3151.JPG,4,0.1334155946969986,0.7791712623479781,False
Orange___Haunglongbing_(Citrus_greening),Tomato___Bacterial_spot,train/Orange___Haunglongbing_(Citrus_greening)/b0abaf0a-df7d-41b9-b9ad-19cfb0e2aec2___CREC_HLB 5102.JPG,val/Tomato___Bacterial_spot/5ce7093e-2e9d-4dd9-9401-7499c26ddaf1___GCREC_Bact.Sp 5566.JPG,4,0.1056210920214653,0.7332378900512365,False
Soybean___healthy,Tomato___Bacterial_spot,train/Soybean___healthy/56ce6106-6204-492f-a761-58f9110929bb___RS_HL 3210.JPG,val/Tomato___Bacterial_spot/6757fb05-9503-42bc-aa7e-08d083b780aa___GCREC_Bact.Sp 3201.JPG,4,0.13336043059825897,0.8444982600366671,False
Raspberry___healthy,Tomato___Bacterial_spot,train/Raspberry___healthy/1b2fb65b-bfe9-43dc-940a-50a32b9a421f___Mary_HL 6317.JPG,val/Tomato___Bacterial_spot/841ea726-5c4a-4447-9f56-0eda38f002d2___GCREC_Bact.Sp 3388.JPG,4,0.16753457486629486,0.6568459624274251,False
Soybean___healthy,Tomato___Bacterial_spot,val/Soybean___healthy/9664f7f6-4780-467e-8368-62dd94313ac8___RS_HL 4213.JPG,val/Tomato___Bacterial_spot/afa683b3-63de-43c1-81c6-deb8210b0d47___GCREC_Bact.Sp 5867.JPG,4,0.17378400266170502,0.799180130583526,False
Soybean___healthy,Tomato___Bacterial_spot,train/Soybean___healthy/94f05a6d-b70e-4543-a769-af7741604ddb___RS_HL 3783.JPG,val/Tomato___Bacterial_spot/ef110350-8e1f-4eb2-a384-037eafaf1089___GCREC_Bact.Sp 5980.JPG,4,0.23501767218112946,0.8336240444650939,False
Soybean___healthy,Tomato___Bacterial_spot,val/Soybean___healthy/d87e95cd-49f5-44e9-abd9-885018cf1c99___RS_HL 6914.JPG,val/Tomato___Bacterial_spot/f26ada25-77e0-4439-9cdc-b833b57e1053___GCREC_Bact.Sp 5978.JPG,4,0.08593296259641647,0.8249252294617814,False
Soybean___healthy,Tomato___Early_blight,val/Soybean___healthy/37d42645-b221-430d-88be-5c7800d3b384___RS_HL 5975.JPG,val/Tomato___Early_blight/6b52f204-547d-47aa-926c-b9508a5e6cbc___RS_Erly.B 7434.JPG,4,0.13855330646038055,0.7222163637096978,False
Soybean___healthy,Tomato___Late_blight,train/Soybean___healthy/bb171f67-77ec-4025-9ff3-ea5b66be396b___RS_HL 6945.JPG,val/Tomato___Late_blight/23c5c930-6830-46c6-8353-616c0b34ae12___RS_Late.B 4947.JPG,4,0.15118008852005005,0.6319372759777742,False
Soybean___healthy,Tomato___Leaf_Mold,train/Soybean___healthy/63a5e362-672a-4dee-a673-d9258bb0ab6c___RS_HL 3560.JPG,val/Tomato___Leaf_Mold/78cfaa28-9259-4225-8641-5dfaceab2118___Crnl_L.Mold 6690.JPG,4,0.1666468232870102,0.7022435242659335,False
Soybean___healthy,Tomato___Leaf_Mold,val/Soybean___healthy/7c045ae8-6abb-4189-81f1-76e73b1b51da___RS_HL 3860.JPG,val/Tomato___Leaf_Mold/78cfaa28-9259-4225-8641-5dfaceab2118___Crnl_L.Mold 6690.JPG,4,0.21406234800815582,0.7337448773985079,False
Tomato___Leaf_Mold,Tomato___Spider_mites Two-spotted_spider_mite,train/Tomato___Leaf_Mold/fcfc6758-32cd-4e18-8d56-e3ffde988921___Crnl_L.Mold 6591.JPG,val/Tomato___Spider_mites Two-spotted_spider_mite/20f78207-e650-4e62-8648-f660f5f1eea9___Com.G_SpM_FL 9340.JPG,4,0.08971723169088364,0.6802614136520624,False
